ISO-10303-21;
HEADER;
FILE_DESCRIPTION (( 'STEP AP203' ),
    '1' );
FILE_NAME ('5972K323.STEP',
    '2017-06-30T12:12:44',
    ( '' ),
    ( '' ),
    'SwSTEP 2.0',
    'SolidWorks 2016',
    '' );
FILE_SCHEMA (( 'CONFIG_CONTROL_DESIGN' ));
ENDSEC;

DATA;
#1 = ORIENTED_EDGE ( 'NONE', *, *, #1402, .F. ) ;
#2 = DIRECTION ( 'NONE',  ( 1.000000000000000000, 0.0000000000000000000, 0.0000000000000000000 ) ) ;
#3 = ORIENTED_EDGE ( 'NONE', *, *, #475, .T. ) ;
#4 = LINE ( 'NONE', #742, #887 ) ;
#5 = DIRECTION ( 'NONE',  ( -0.0000000000000000000, -0.0000000000000000000, 1.000000000000000000 ) ) ;
#6 = AXIS2_PLACEMENT_3D ( 'NONE', #375, #659, #459 ) ;
#7 = CIRCLE ( 'NONE', #1074, 10.87912087912088000 ) ;
#8 = CARTESIAN_POINT ( 'NONE',  ( 0.0000000000000000000, 0.0000000000000000000, -3.278646221354267100E-015 ) ) ;
#9 = VERTEX_POINT ( 'NONE', #726 ) ;
#10 = APPROVAL_STATUS ( 'not_yet_approved' ) ;
#11 = EDGE_CURVE ( 'NONE', #141, #248, #434, .T. ) ;
#12 = CIRCLE ( 'NONE', #1238, 13.99999999999999800 ) ;
#13 = MANIFOLD_SOLID_BREP ( 'CirPattern1[1]', #31 ) ;
#14 = ORIENTED_EDGE ( 'NONE', *, *, #500, .F. ) ;
#15 = FACE_BOUND ( 'NONE', #681, .T. ) ;
#16 = CARTESIAN_POINT ( 'NONE',  ( 10.87912087912088000, 0.0000000000000000000, 4.000000000000000000 ) ) ;
#17 = CARTESIAN_POINT ( 'NONE',  ( 13.60000000000000000, 0.0000000000000000000, -4.000000000000000000 ) ) ;
#18 = CIRCLE ( 'NONE', #1443, 9.120879120879118700 ) ;
#19 = CARTESIAN_POINT ( 'NONE',  ( 9.120879120879118700, 0.0000000000000000000, -1.983266837131795400 ) ) ;
#20 = CARTESIAN_POINT ( 'NONE',  ( 10.87912087912088000, 0.0000000000000000000, -4.000000000000000000 ) ) ;
#21 = SPHERICAL_SURFACE ( 'NONE', #790, 1.983266837131796300 ) ;
#22 = ORIENTED_EDGE ( 'NONE', *, *, #500, .T. ) ;
#23 = DIRECTION ( 'NONE',  ( -0.0000000000000000000, -0.0000000000000000000, 1.000000000000000000 ) ) ;
#24 = EDGE_CURVE ( 'NONE', #1087, #415, #1169, .T. ) ;
#25 = EDGE_LOOP ( 'NONE', ( #213, #3 ) ) ;
#26 = CARTESIAN_POINT ( 'NONE',  ( 0.0000000000000000000, 0.0000000000000000000, -4.000000000000000000 ) ) ;
#27 = ORIENTED_EDGE ( 'NONE', *, *, #671, .F. ) ;
#28 = LINE ( 'NONE', #259, #800 ) ;
#29 = CARTESIAN_POINT ( 'NONE',  ( 0.0000000000000000000, 10.87912087912088000, -3.799999999999999800 ) ) ;
#30 = CC_DESIGN_SECURITY_CLASSIFICATION ( #1389, ( #1145 ) ) ;
#31 = CLOSED_SHELL ( 'NONE', ( #920, #707 ) ) ;
#32 = CARTESIAN_POINT ( 'NONE',  ( -9.120879120879118700, 1.116985542079454000E-015, -4.000000000000000000 ) ) ;
#33 = CARTESIAN_POINT ( 'NONE',  ( 8.660254037844398000, 4.999999999999980500, -1.224646799147352500E-016 ) ) ;
#34 = CARTESIAN_POINT ( 'NONE',  ( -6.000000000000000000, 0.0000000000000000000, -3.600000000000001000 ) ) ;
#35 = ORIENTED_EDGE ( 'NONE', *, *, #824, .F. ) ;
#36 = DIRECTION ( 'NONE',  ( 0.5000000000000041100, 0.8660254037844361500, -0.0000000000000000000 ) ) ;
#37 = ADVANCED_FACE ( 'NONE', ( #274 ), #734, .T. ) ;
#38 = EDGE_LOOP ( 'NONE', ( #1299, #1562 ) ) ;
#39 = DIRECTION ( 'NONE',  ( -0.0000000000000000000, -0.0000000000000000000, 1.000000000000000000 ) ) ;
#40 = DIRECTION ( 'NONE',  ( 1.000000000000000000, 0.0000000000000000000, 0.0000000000000000000 ) ) ;
#41 = AXIS2_PLACEMENT_3D ( 'NONE', #1312, #1165, #170 ) ;
#42 = VERTEX_POINT ( 'NONE', #328 ) ;
#43 = DIRECTION ( 'NONE',  ( 1.000000000000000000, 0.0000000000000000000, 0.0000000000000000000 ) ) ;
#44 = DIRECTION ( 'NONE',  ( -1.000000000000000000, 0.0000000000000000000, -0.0000000000000000000 ) ) ;
#45 = DIRECTION ( 'NONE',  ( -0.7071067811865452400, 8.659560562354904500E-017, 0.7071067811865497900 ) ) ;
#46 = DIRECTION ( 'NONE',  ( -1.000000000000000000, 1.047444401652939200E-014, 0.0000000000000000000 ) ) ;
#47 = VERTEX_POINT ( 'NONE', #1018 ) ;
#48 = CYLINDRICAL_SURFACE ( 'NONE', #1127, 6.000000000000000000 ) ;
#49 = ORIENTED_EDGE ( 'NONE', *, *, #507, .F. ) ;
#50 = CIRCLE ( 'NONE', #1373, 1.983266837131797000 ) ;
#51 = FACE_OUTER_BOUND ( 'NONE', #196, .T. ) ;
#52 = SPHERICAL_SURFACE ( 'NONE', #1527, 1.983266837131796300 ) ;
#53 = DIRECTION ( 'NONE',  ( 0.0000000000000000000, 0.0000000000000000000, -1.000000000000000000 ) ) ;
#54 = ORIENTED_EDGE ( 'NONE', *, *, #1392, .F. ) ;
#55 = SPHERICAL_SURFACE ( 'NONE', #845, 1.983266837131796300 ) ;
#56 = ADVANCED_FACE ( 'NONE', ( #287 ), #55, .T. ) ;
#57 = CARTESIAN_POINT ( 'NONE',  ( 0.0000000000000000000, 0.0000000000000000000, 4.000000000000000900 ) ) ;
#58 = DIRECTION ( 'NONE',  ( 1.000000000000000000, 0.0000000000000000000, 0.0000000000000000000 ) ) ;
#59 = ORIENTED_EDGE ( 'NONE', *, *, #289, .T. ) ;
#60 = DIRECTION ( 'NONE',  ( -0.0000000000000000000, -0.0000000000000000000, 1.000000000000000000 ) ) ;
#61 = ORIENTED_EDGE ( 'NONE', *, *, #1262, .T. ) ;
#62 = VERTEX_POINT ( 'NONE', #985 ) ;
#63 = CARTESIAN_POINT ( 'NONE',  ( 10.87912087912088000, 0.0000000000000000000, -1.983266837131795400 ) ) ;
#64 = AXIS2_PLACEMENT_3D ( 'NONE', #29, #551, #110 ) ;
#65 = DIRECTION ( 'NONE',  ( 1.000000000000000000, 0.0000000000000000000, 0.0000000000000000000 ) ) ;
#66 = ORIENTED_EDGE ( 'NONE', *, *, #530, .T. ) ;
#67 = DIRECTION ( 'NONE',  ( 0.8660254037844363800, -0.5000000000000040000, 0.0000000000000000000 ) ) ;
#68 = AXIS2_PLACEMENT_3D ( 'NONE', #816, #841, #492 ) ;
#69 = DIRECTION ( 'NONE',  ( -0.0000000000000000000, -0.0000000000000000000, 1.000000000000000000 ) ) ;
#70 = FACE_OUTER_BOUND ( 'NONE', #1148, .T. ) ;
#71 = ORIENTED_EDGE ( 'NONE', *, *, #24, .F. ) ;
#72 = ADVANCED_FACE ( 'NONE', ( #594 ), #612, .T. ) ;
#73 = DIRECTION ( 'NONE',  ( -0.0000000000000000000, -0.0000000000000000000, 1.000000000000000000 ) ) ;
#74 = EDGE_LOOP ( 'NONE', ( #1528, #631, #933, #1635 ) ) ;
#75 = DIRECTION ( 'NONE',  ( 1.000000000000000000, 0.0000000000000000000, 0.0000000000000000000 ) ) ;
#76 = DIRECTION ( 'NONE',  ( -0.0000000000000000000, -0.0000000000000000000, 1.000000000000000000 ) ) ;
#77 = CARTESIAN_POINT ( 'NONE',  ( 6.000000000000000000, 0.0000000000000000000, 3.599999999999998300 ) ) ;
#78 = CARTESIAN_POINT ( 'NONE',  ( 0.0000000000000000000, 0.0000000000000000000, 4.000000000000000900 ) ) ;
#79 = ORIENTED_EDGE ( 'NONE', *, *, #1383, .F. ) ;
#80 = CARTESIAN_POINT ( 'NONE',  ( 0.0000000000000000000, 0.0000000000000000000, 4.000000000000000000 ) ) ;
#81 = AXIS2_PLACEMENT_3D ( 'NONE', #1236, #755, #781 ) ;
#82 = ADVANCED_BREP_SHAPE_REPRESENTATION ( '5972K323', ( #1266, #1196, #1022, #13, #876, #377, #154, #1457, #1303, #1414, #558, #445, #599, #1394, #1423, #1220, #418 ), #458 ) ;
#83 = AXIS2_PLACEMENT_3D ( 'NONE', #642, #645, #647 ) ;
#84 = ORIENTED_EDGE ( 'NONE', *, *, #1223, .F. ) ;
#85 = DIRECTION ( 'NONE',  ( -1.000000000000000000, 0.0000000000000000000, 0.0000000000000000000 ) ) ;
#86 = DIRECTION ( 'NONE',  ( 1.000000000000000000, 0.0000000000000000000, 0.0000000000000000000 ) ) ;
#87 = CALENDAR_DATE ( 2017, 30, 6 ) ;
#88 = CARTESIAN_POINT ( 'NONE',  ( 0.0000000000000000000, 0.0000000000000000000, -4.000000000000000000 ) ) ;
#89 = DIRECTION ( 'NONE',  ( -0.0000000000000000000, -0.0000000000000000000, 1.000000000000000000 ) ) ;
#90 = CARTESIAN_POINT ( 'NONE',  ( 9.120879120879116900, 0.0000000000000000000, 4.000000000000000000 ) ) ;
#91 = SPHERICAL_SURFACE ( 'NONE', #926, 1.983266837131796300 ) ;
#92 = EDGE_LOOP ( 'NONE', ( #1284, #374 ) ) ;
#93 = ORIENTED_EDGE ( 'NONE', *, *, #1252, .T. ) ;
#94 = DIRECTION ( 'NONE',  ( -0.0000000000000000000, -0.0000000000000000000, 1.000000000000000000 ) ) ;
#95 = FACE_OUTER_BOUND ( 'NONE', #1224, .T. ) ;
#96 = ORIENTED_EDGE ( 'NONE', *, *, #1035, .T. ) ;
#97 = CARTESIAN_POINT ( 'NONE',  ( 0.0000000000000000000, 0.0000000000000000000, 4.000000000000000000 ) ) ;
#98 = DIRECTION ( 'NONE',  ( 0.0000000000000000000, 0.0000000000000000000, -1.000000000000000000 ) ) ;
#99 = ORIENTED_EDGE ( 'NONE', *, *, #1272, .T. ) ;
#100 = ORIENTED_EDGE ( 'NONE', *, *, #939, .T. ) ;
#101 = ORIENTED_EDGE ( 'NONE', *, *, #430, .T. ) ;
#102 = ADVANCED_FACE ( 'NONE', ( #670 ), #1610, .F. ) ;
#103 = DIRECTION ( 'NONE',  ( 1.224646799147353200E-016, 1.000000000000000000, 0.0000000000000000000 ) ) ;
#104 = EDGE_CURVE ( 'NONE', #618, #584, #339, .T. ) ;
#105 = DIRECTION ( 'NONE',  ( -0.0000000000000000000, -0.0000000000000000000, 1.000000000000000000 ) ) ;
#106 = ORIENTED_EDGE ( 'NONE', *, *, #746, .T. ) ;
#107 = TOROIDAL_SURFACE ( 'NONE', #195, 10.00000000000000000, 1.983266837131796300 ) ;
#108 = VERTEX_POINT ( 'NONE', #851 ) ;
#109 = EDGE_LOOP ( 'NONE', ( #491, #1444 ) ) ;
#110 = DIRECTION ( 'NONE',  ( 1.000000000000000000, 0.0000000000000000000, 0.0000000000000000000 ) ) ;
#111 = EDGE_CURVE ( 'NONE', #1634, #662, #1626, .T. ) ;
#112 = VERTEX_POINT ( 'NONE', #1502 ) ;
#113 = CARTESIAN_POINT ( 'NONE',  ( 0.0000000000000000000, 0.0000000000000000000, -1.224646799147352500E-016 ) ) ;
#114 = CARTESIAN_POINT ( 'NONE',  ( 0.0000000000000000000, 0.0000000000000000000, -3.600000000000001000 ) ) ;
#115 = ORIENTED_EDGE ( 'NONE', *, *, #794, .T. ) ;
#116 = CARTESIAN_POINT ( 'NONE',  ( 10.00000000000000000, -3.491481338843133400E-014, -1.224646799147352500E-016 ) ) ;
#117 = ORIENTED_EDGE ( 'NONE', *, *, #1377, .F. ) ;
#118 = EDGE_LOOP ( 'NONE', ( #1368, #319 ) ) ;
#119 = CARTESIAN_POINT ( 'NONE',  ( 9.120879120879118700, 0.0000000000000000000, 4.000000000000000000 ) ) ;
#120 = DIRECTION ( 'NONE',  ( -3.491481338843133400E-015, -1.000000000000000000, 0.0000000000000000000 ) ) ;
#121 = CARTESIAN_POINT ( 'NONE',  ( 6.000000000000000000, 0.0000000000000000000, 4.000000000000000000 ) ) ;
#122 = ORIENTED_EDGE ( 'NONE', *, *, #892, .F. ) ;
#123 = EDGE_LOOP ( 'NONE', ( #429, #191 ) ) ;
#124 = DIRECTION ( 'NONE',  ( -0.4999999999999978400, 0.8660254037844397100, 0.0000000000000000000 ) ) ;
#125 = VECTOR ( 'NONE', #1243, 1000.000000000000000 ) ;
#126 = DIRECTION ( 'NONE',  ( -0.8660254037844362700, 0.5000000000000042200, 0.0000000000000000000 ) ) ;
#127 = EDGE_CURVE ( 'NONE', #1036, #42, #777, .T. ) ;
#128 = FACE_OUTER_BOUND ( 'NONE', #261, .T. ) ;
#129 = DIRECTION ( 'NONE',  ( 1.000000000000000000, 0.0000000000000000000, 0.0000000000000000000 ) ) ;
#130 = DIRECTION ( 'NONE',  ( -0.7071067811865505700, 0.0000000000000000000, -0.7071067811865444600 ) ) ;
#131 = ORIENTED_EDGE ( 'NONE', *, *, #719, .T. ) ;
#132 = FACE_OUTER_BOUND ( 'NONE', #74, .T. ) ;
#133 = DIRECTION ( 'NONE',  ( -0.0000000000000000000, -0.0000000000000000000, 1.000000000000000000 ) ) ;
#134 = DIRECTION ( 'NONE',  ( 0.5000000000000010000, 0.8660254037844382600, 0.0000000000000000000 ) ) ;
#135 = CARTESIAN_POINT ( 'NONE',  ( 10.87912087912088000, 0.0000000000000000000, 4.000000000000000000 ) ) ;
#136 = DIRECTION ( 'NONE',  ( 1.000000000000000000, 0.0000000000000000000, 0.0000000000000000000 ) ) ;
#137 = DIRECTION ( 'NONE',  ( -0.8660254037844431500, -0.4999999999999921200, 0.0000000000000000000 ) ) ;
#138 = CARTESIAN_POINT ( 'NONE',  ( -9.120879120879118700, 1.116985542079454000E-015, 3.799999999999999800 ) ) ;
#139 = DIRECTION ( 'NONE',  ( -0.0000000000000000000, -0.0000000000000000000, 1.000000000000000000 ) ) ;
#140 = CARTESIAN_POINT ( 'NONE',  ( 0.0000000000000000000, 0.0000000000000000000, 1.983266837131796300 ) ) ;
#141 = VERTEX_POINT ( 'NONE', #34 ) ;
#142 = ORIENTED_EDGE ( 'NONE', *, *, #238, .F. ) ;
#143 = DIRECTION ( 'NONE',  ( -0.0000000000000000000, -0.0000000000000000000, 1.000000000000000000 ) ) ;
#144 = CIRCLE ( 'NONE', #1478, 1.983266837131797000 ) ;
#145 = CARTESIAN_POINT ( 'NONE',  ( 0.0000000000000000000, 10.00000000000000000, -1.224646799147352500E-016 ) ) ;
#146 = CARTESIAN_POINT ( 'NONE',  ( -5.000000000000071100, -8.660254037844346400, 1.983266837131796300 ) ) ;
#147 = CARTESIAN_POINT ( 'NONE',  ( -10.87912087912087800, 1.332308056215252400E-015, 4.000000000000000000 ) ) ;
#148 = ORIENTED_EDGE ( 'NONE', *, *, #440, .F. ) ;
#149 = AXIS2_PLACEMENT_3D ( 'NONE', #301, #322, #496 ) ;
#150 = DIRECTION ( 'NONE',  ( -0.8660254037844381500, 0.5000000000000008900, 0.0000000000000000000 ) ) ;
#151 = CARTESIAN_POINT ( 'NONE',  ( -9.120879120879116900, 1.116985542079453800E-015, 4.000000000000000000 ) ) ;
#152 = ORIENTED_EDGE ( 'NONE', *, *, #740, .T. ) ;
#153 = ORIENTED_EDGE ( 'NONE', *, *, #556, .F. ) ;
#154 = MANIFOLD_SOLID_BREP ( 'CirPattern1[4]', #1106 ) ;
#155 = EDGE_LOOP ( 'NONE', ( #468, #909 ) ) ;
#156 = AXIS2_PLACEMENT_3D ( 'NONE', #1547, #1470, #1399 ) ;
#157 = ORIENTED_EDGE ( 'NONE', *, *, #407, .T. ) ;
#158 = CARTESIAN_POINT ( 'NONE',  ( 0.0000000000000000000, 0.0000000000000000000, 4.000000000000000000 ) ) ;
#159 = EDGE_CURVE ( 'NONE', #615, #9, #839, .T. ) ;
#160 = DIRECTION ( 'NONE',  ( 0.8660254037844399300, 0.4999999999999978900, 0.0000000000000000000 ) ) ;
#161 = VERTEX_POINT ( 'NONE', #146 ) ;
#162 = EDGE_CURVE ( 'NONE', #1600, #516, #1226, .T. ) ;
#163 = ORIENTED_EDGE ( 'NONE', *, *, #1550, .F. ) ;
#164 = DIRECTION ( 'NONE',  ( 0.4999999999999980000, -0.8660254037844398200, 0.0000000000000000000 ) ) ;
#165 = CARTESIAN_POINT ( 'NONE',  ( 8.660254037844398000, 4.999999999999980500, -1.224646799147352500E-016 ) ) ;
#166 = DIRECTION ( 'NONE',  ( -0.5000000000000069900, -0.8660254037844346000, 0.0000000000000000000 ) ) ;
#167 = ORIENTED_EDGE ( 'NONE', *, *, #1526, .F. ) ;
#168 = CARTESIAN_POINT ( 'NONE',  ( 0.0000000000000000000, 0.0000000000000000000, -4.000000000000000000 ) ) ;
#169 = DIRECTION ( 'NONE',  ( 1.000000000000000000, 0.0000000000000000000, 0.0000000000000000000 ) ) ;
#170 = DIRECTION ( 'NONE',  ( 0.0000000000000000000, 1.000000000000000000, 0.0000000000000000000 ) ) ;
#171 = CARTESIAN_POINT ( 'NONE',  ( -10.87912087912087800, 1.332308056215252400E-015, 4.000000000000000000 ) ) ;
#172 = PERSON_AND_ORGANIZATION ( #860, #741 ) ;
#173 = ORIENTED_EDGE ( 'NONE', *, *, #1392, .T. ) ;
#174 = AXIS2_PLACEMENT_3D ( 'NONE', #168, #561, #1477 ) ;
#175 = CIRCLE ( 'NONE', #1619, 10.87912087912088000 ) ;
#176 = EDGE_CURVE ( 'NONE', #878, #907, #862, .T. ) ;
#177 = CARTESIAN_POINT ( 'NONE',  ( 5.000000000000010700, 8.660254037844382000, -1.224646799147352500E-016 ) ) ;
#178 = ORIENTED_EDGE ( 'NONE', *, *, #806, .T. ) ;
#179 = CARTESIAN_POINT ( 'NONE',  ( -10.00000000000000000, 1.047444401652940000E-013, 1.983266837131796300 ) ) ;
#180 = EDGE_CURVE ( 'NONE', #1102, #604, #1172, .T. ) ;
#181 = DIRECTION ( 'NONE',  ( 1.000000000000000000, 0.0000000000000000000, 0.0000000000000000000 ) ) ;
#182 = CIRCLE ( 'NONE', #996, 10.87912087912088000 ) ;
#183 = CARTESIAN_POINT ( 'NONE',  ( 0.0000000000000000000, 0.0000000000000000000, 1.983266837131796300 ) ) ;
#184 = DIRECTION ( 'NONE',  ( 1.000000000000000000, 0.0000000000000000000, 0.0000000000000000000 ) ) ;
#185 = DIRECTION ( 'NONE',  ( 0.4999999999999948400, -0.8660254037844417100, 0.0000000000000000000 ) ) ;
#186 = CLOSED_SHELL ( 'NONE', ( #1565, #354 ) ) ;
#187 = DIRECTION ( 'NONE',  ( 1.000000000000000000, 0.0000000000000000000, 0.0000000000000000000 ) ) ;
#188 = CARTESIAN_POINT ( 'NONE',  ( 0.0000000000000000000, 0.0000000000000000000, -3.600000000000001000 ) ) ;
#189 = ORIENTED_EDGE ( 'NONE', *, *, #24, .T. ) ;
#190 = EDGE_CURVE ( 'NONE', #1244, #141, #571, .T. ) ;
#191 = ORIENTED_EDGE ( 'NONE', *, *, #1402, .T. ) ;
#192 = DIRECTION ( 'NONE',  ( -0.0000000000000000000, -0.0000000000000000000, 1.000000000000000000 ) ) ;
#193 = DIRECTION ( 'NONE',  ( 3.613946018757868500E-015, 1.000000000000000000, -0.0000000000000000000 ) ) ;
#194 = PLANE ( 'NONE',  #987 ) ;
#195 = AXIS2_PLACEMENT_3D ( 'NONE', #277, #911, #396 ) ;
#196 = EDGE_LOOP ( 'NONE', ( #84, #473 ) ) ;
#197 = CARTESIAN_POINT ( 'NONE',  ( 0.0000000000000000000, 0.0000000000000000000, 3.800000000000000300 ) ) ;
#198 = ORIENTED_EDGE ( 'NONE', *, *, #1223, .T. ) ;
#199 = CIRCLE ( 'NONE', #1328, 9.120879120879116900 ) ;
#200 = ORIENTED_EDGE ( 'NONE', *, *, #1367, .T. ) ;
#201 = DIRECTION ( 'NONE',  ( 0.4999999999999886800, -0.8660254037844452600, 0.0000000000000000000 ) ) ;
#202 = FACE_OUTER_BOUND ( 'NONE', #822, .T. ) ;
#203 = DIRECTION ( 'NONE',  ( -0.0000000000000000000, -0.0000000000000000000, 1.000000000000000000 ) ) ;
#204 = DIRECTION ( 'NONE',  ( 0.8660254037844344900, -0.5000000000000072200, 0.0000000000000000000 ) ) ;
#205 = CARTESIAN_POINT ( 'NONE',  ( -9.120879120879118700, 1.116985542079454000E-015, 4.000000000000000000 ) ) ;
#206 = DIRECTION ( 'NONE',  ( -1.000000000000000000, 0.0000000000000000000, 0.0000000000000000000 ) ) ;
#207 = CARTESIAN_POINT ( 'NONE',  ( -5.000000000000071100, -8.660254037844346400, -1.224646799147352500E-016 ) ) ;
#208 = CARTESIAN_POINT ( 'NONE',  ( -10.87912087912087800, 1.332308056215252400E-015, 1.777777777777777500 ) ) ;
#209 = CIRCLE ( 'NONE', #68, 6.400000000000003000 ) ;
#210 = ORIENTED_EDGE ( 'NONE', *, *, #740, .F. ) ;
#211 = EDGE_LOOP ( 'NONE', ( #1625, #61 ) ) ;
#212 = PRODUCT_RELATED_PRODUCT_CATEGORY ( 'detail', '', ( #1488 ) ) ;
#213 = ORIENTED_EDGE ( 'NONE', *, *, #883, .F. ) ;
#214 = CIRCLE ( 'NONE', #1191, 9.120879120879118700 ) ;
#215 = CYLINDRICAL_SURFACE ( 'NONE', #509, 10.87912087912088000 ) ;
#216 = DIRECTION ( 'NONE',  ( 3.491481338843131000E-015, 1.000000000000000000, -0.0000000000000000000 ) ) ;
#217 = CIRCLE ( 'NONE', #1472, 6.000000000000000000 ) ;
#218 = FACE_OUTER_BOUND ( 'NONE', #696, .T. ) ;
#219 = AXIS2_PLACEMENT_3D ( 'NONE', #1318, #1314, #1384 ) ;
#220 = DIRECTION ( 'NONE',  ( -0.8660254037844346000, 0.5000000000000071100, 0.0000000000000000000 ) ) ;
#221 = ORIENTED_EDGE ( 'NONE', *, *, #1288, .F. ) ;
#222 = CARTESIAN_POINT ( 'NONE',  ( -10.87912087912087800, 1.332308056215252400E-015, 3.800000000000000300 ) ) ;
#223 = CARTESIAN_POINT ( 'NONE',  ( 0.0000000000000000000, 0.0000000000000000000, 4.000000000000000900 ) ) ;
#224 = EDGE_CURVE ( 'NONE', #960, #1023, #268, .T. ) ;
#225 = CARTESIAN_POINT ( 'NONE',  ( 9.120879120879118700, 0.0000000000000000000, 1.777777777777777500 ) ) ;
#226 = ORIENTED_EDGE ( 'NONE', *, *, #1321, .F. ) ;
#227 = DIRECTION ( 'NONE',  ( -0.0000000000000000000, -0.0000000000000000000, 1.000000000000000000 ) ) ;
#228 = DIRECTION ( 'NONE',  ( -1.000000000000000000, 1.047444401652939200E-014, 0.0000000000000000000 ) ) ;
#229 = SPHERICAL_SURFACE ( 'NONE', #1315, 1.983266837131796300 ) ;
#230 = VECTOR ( 'NONE', #930, 1000.000000000000100 ) ;
#231 = DIRECTION ( 'NONE',  ( 1.047444401652940000E-014, 1.000000000000000000, -0.0000000000000000000 ) ) ;
#232 = DIRECTION ( 'NONE',  ( 1.000000000000000000, 0.0000000000000000000, 0.0000000000000000000 ) ) ;
#233 = SPHERICAL_SURFACE ( 'NONE', #1460, 1.983266837131796300 ) ;
#234 = VERTEX_POINT ( 'NONE', #888 ) ;
#235 = EDGE_CURVE ( 'NONE', #1102, #329, #18, .T. ) ;
#236 = DIRECTION ( 'NONE',  ( 0.8660254037844364900, -0.5000000000000040000, 0.0000000000000000000 ) ) ;
#237 = CARTESIAN_POINT ( 'NONE',  ( -10.87912087912087800, 1.332308056215252400E-015, 4.000000000000000900 ) ) ;
#238 = EDGE_CURVE ( 'NONE', #1605, #416, #362, .T. ) ;
#239 = CIRCLE ( 'NONE', #251, 10.87912087912087800 ) ;
#240 = CARTESIAN_POINT ( 'NONE',  ( 9.999999999999991100, 0.0000000000000000000, -3.035766082959412400E-015 ) ) ;
#241 = FACE_OUTER_BOUND ( 'NONE', #1006, .T. ) ;
#242 = CARTESIAN_POINT ( 'NONE',  ( 10.00000000000000000, -3.491481338843133400E-014, -1.983266837131796300 ) ) ;
#243 = CIRCLE ( 'NONE', #487, 1.983266837131796300 ) ;
#244 = CARTESIAN_POINT ( 'NONE',  ( -9.120879120879118700, 1.116985542079454000E-015, 4.000000000000000000 ) ) ;
#245 = DIRECTION ( 'NONE',  ( 0.8660254037844380400, -0.5000000000000010000, 0.0000000000000000000 ) ) ;
#246 = DIRECTION ( 'NONE',  ( -0.0000000000000000000, -0.0000000000000000000, 1.000000000000000000 ) ) ;
#247 = DIRECTION ( 'NONE',  ( -0.5000000000000008900, -0.8660254037844380400, 0.0000000000000000000 ) ) ;
#248 = VERTEX_POINT ( 'NONE', #360 ) ;
#249 = CIRCLE ( 'NONE', #1320, 9.120879120879118700 ) ;
#250 = AXIS2_PLACEMENT_3D ( 'NONE', #1381, #1370, #978 ) ;
#251 = AXIS2_PLACEMENT_3D ( 'NONE', #664, #667, #668 ) ;
#252 = DIRECTION ( 'NONE',  ( 0.0000000000000000000, 0.0000000000000000000, 1.000000000000000000 ) ) ;
#253 = CARTESIAN_POINT ( 'NONE',  ( 0.0000000000000000000, 0.0000000000000000000, 4.000000000000000000 ) ) ;
#254 = FACE_OUTER_BOUND ( 'NONE', #470, .T. ) ;
#255 = DIRECTION ( 'NONE',  ( 1.000000000000000000, 0.0000000000000000000, 0.0000000000000000000 ) ) ;
#256 = FACE_OUTER_BOUND ( 'NONE', #1446, .T. ) ;
#257 = DIRECTION ( 'NONE',  ( -0.0000000000000000000, -0.0000000000000000000, 1.000000000000000000 ) ) ;
#258 = ORIENTED_EDGE ( 'NONE', *, *, #1307, .F. ) ;
#259 = CARTESIAN_POINT ( 'NONE',  ( 13.99999999999999800, 0.0000000000000000000, 4.000000000000000000 ) ) ;
#260 = APPROVAL_STATUS ( 'not_yet_approved' ) ;
#261 = EDGE_LOOP ( 'NONE', ( #314, #1544, #365, #1378 ) ) ;
#262 = CARTESIAN_POINT ( 'NONE',  ( 0.0000000000000000000, 10.00000000000000000, 1.983266837131796300 ) ) ;
#263 = FACE_OUTER_BOUND ( 'NONE', #998, .T. ) ;
#264 = DIRECTION ( 'NONE',  ( -1.000000000000000000, 1.047444401652939200E-014, 0.0000000000000000000 ) ) ;
#265 = DIRECTION ( 'NONE',  ( 0.5000000000000038900, 0.8660254037844362700, -0.0000000000000000000 ) ) ;
#266 = ORIENTED_EDGE ( 'NONE', *, *, #345, .T. ) ;
#267 = CIRCLE ( 'NONE', #1588, 13.59999999999999800 ) ;
#268 = CIRCLE ( 'NONE', #1181, 8.016733162868197500 ) ;
#269 = DIRECTION ( 'NONE',  ( 0.0000000000000000000, 0.0000000000000000000, -1.000000000000000000 ) ) ;
#270 = CARTESIAN_POINT ( 'NONE',  ( 8.660254037844366000, -5.000000000000040900, -1.983266837131796300 ) ) ;
#271 = AXIS2_PLACEMENT_3D ( 'NONE', #1233, #342, #1301 ) ;
#272 = EDGE_CURVE ( 'NONE', #960, #802, #400, .T. ) ;
#273 = DIRECTION ( 'NONE',  ( 1.000000000000000000, -7.105427357601001900E-015, 0.0000000000000000000 ) ) ;
#274 = FACE_OUTER_BOUND ( 'NONE', #964, .T. ) ;
#275 = CARTESIAN_POINT ( 'NONE',  ( 9.120879120879118700, 0.0000000000000000000, 4.000000000000000000 ) ) ;
#276 = EDGE_CURVE ( 'NONE', #1184, #773, #304, .T. ) ;
#277 = CARTESIAN_POINT ( 'NONE',  ( 0.0000000000000000000, 0.0000000000000000000, -1.224646799147352500E-016 ) ) ;
#278 = CIRCLE ( 'NONE', #1126, 13.60000000000000000 ) ;
#279 = EDGE_LOOP ( 'NONE', ( #1469, #392 ) ) ;
#280 = DIRECTION ( 'NONE',  ( -1.000000000000000000, 0.0000000000000000000, 0.0000000000000000000 ) ) ;
#281 = DIRECTION ( 'NONE',  ( -0.8660254037844381500, 0.5000000000000008900, 0.0000000000000000000 ) ) ;
#282 = SPHERICAL_SURFACE ( 'NONE', #219, 1.983266837131796300 ) ;
#283 = DIRECTION ( 'NONE',  ( -0.8660254037844451500, -0.4999999999999886200, 0.0000000000000000000 ) ) ;
#284 = CARTESIAN_POINT ( 'NONE',  ( 0.0000000000000000000, 0.0000000000000000000, 3.600000000000001400 ) ) ;
#285 = ADVANCED_FACE ( 'NONE', ( #202 ), #308, .F. ) ;
#286 = CIRCLE ( 'NONE', #1283, 1.983266837131796300 ) ;
#287 = FACE_OUTER_BOUND ( 'NONE', #1133, .T. ) ;
#288 = DIRECTION ( 'NONE',  ( 1.000000000000000000, 0.0000000000000000000, 0.0000000000000000000 ) ) ;
#289 = EDGE_CURVE ( 'NONE', #662, #1136, #380, .T. ) ;
#290 = CARTESIAN_POINT ( 'NONE',  ( 0.0000000000000000000, 0.0000000000000000000, -3.800000000000000300 ) ) ;
#291 = DIRECTION ( 'NONE',  ( -0.0000000000000000000, -0.0000000000000000000, 1.000000000000000000 ) ) ;
#292 = DIRECTION ( 'NONE',  ( 0.0000000000000000000, 0.0000000000000000000, -1.000000000000000000 ) ) ;
#293 = DIRECTION ( 'NONE',  ( -0.0000000000000000000, -0.0000000000000000000, 1.000000000000000000 ) ) ;
#294 = ADVANCED_FACE ( 'NONE', ( #296 ), #233, .T. ) ;
#295 = CARTESIAN_POINT ( 'NONE',  ( 0.0000000000000000000, 0.0000000000000000000, -3.800000000000000300 ) ) ;
#296 = FACE_OUTER_BOUND ( 'NONE', #687, .T. ) ;
#297 = EDGE_CURVE ( 'NONE', #9, #615, #278, .T. ) ;
#298 = DIRECTION ( 'NONE',  ( 1.000000000000000000, 0.0000000000000000000, 0.0000000000000000000 ) ) ;
#299 = CARTESIAN_POINT ( 'NONE',  ( -9.999999999999991100, 1.224646799147352300E-015, -3.035766082959412400E-015 ) ) ;
#300 = EDGE_LOOP ( 'NONE', ( #758, #1624 ) ) ;
#301 = CARTESIAN_POINT ( 'NONE',  ( 0.0000000000000000000, 0.0000000000000000000, 4.000000000000000000 ) ) ;
#302 = DIRECTION ( 'NONE',  ( 1.000000000000000000, 0.0000000000000000000, 0.0000000000000000000 ) ) ;
#303 = AXIS2_PLACEMENT_3D ( 'NONE', #1113, #1103, #1076 ) ;
#304 = CIRCLE ( 'NONE', #1139, 13.59999999999999800 ) ;
#305 = ORIENTED_EDGE ( 'NONE', *, *, #883, .T. ) ;
#306 = CIRCLE ( 'NONE', #759, 10.87912087912087800 ) ;
#307 = AXIS2_PLACEMENT_3D ( 'NONE', #456, #665, #232 ) ;
#308 = CYLINDRICAL_SURFACE ( 'NONE', #877, 10.87912087912087800 ) ;
#309 = ADVANCED_FACE ( 'NONE', ( #241 ), #1504, .T. ) ;
#310 = CARTESIAN_POINT ( 'NONE',  ( -9.120879120879116900, 1.116985542079454000E-015, -1.777777777777780100 ) ) ;
#311 = VECTOR ( 'NONE', #371, 1000.000000000000000 ) ;
#312 = EDGE_LOOP ( 'NONE', ( #441, #1564, #96, #536 ) ) ;
#313 = CARTESIAN_POINT ( 'NONE',  ( 0.0000000000000000000, 0.0000000000000000000, 1.777777777777777500 ) ) ;
#314 = ORIENTED_EDGE ( 'NONE', *, *, #1207, .F. ) ;
#315 = CYLINDRICAL_SURFACE ( 'NONE', #1171, 9.120879120879116900 ) ;
#316 = CARTESIAN_POINT ( 'NONE',  ( 0.0000000000000000000, 0.0000000000000000000, -3.035766082959412400E-015 ) ) ;
#317 = DIRECTION ( 'NONE',  ( -0.0000000000000000000, -0.0000000000000000000, 1.000000000000000000 ) ) ;
#318 = ORIENTED_EDGE ( 'NONE', *, *, #842, .T. ) ;
#319 = ORIENTED_EDGE ( 'NONE', *, *, #607, .T. ) ;
#320 = CARTESIAN_POINT ( 'NONE',  ( -8.660254037844328700, 5.000000000000100400, -1.224646799147352500E-016 ) ) ;
#321 = DIRECTION ( 'NONE',  ( -0.0000000000000000000, -0.0000000000000000000, 1.000000000000000000 ) ) ;
#322 = DIRECTION ( 'NONE',  ( -0.0000000000000000000, -0.0000000000000000000, 1.000000000000000000 ) ) ;
#323 = CLOSED_SHELL ( 'NONE', ( #1212, #1293 ) ) ;
#324 = AXIS2_PLACEMENT_3D ( 'NONE', #1044, #103, #795 ) ;
#325 = VECTOR ( 'NONE', #973, 1000.000000000000000 ) ;
#326 = CARTESIAN_POINT ( 'NONE',  ( 0.0000000000000000000, 0.0000000000000000000, 4.000000000000000000 ) ) ;
#327 = AXIS2_PLACEMENT_3D ( 'NONE', #97, #724, #255 ) ;
#328 = CARTESIAN_POINT ( 'NONE',  ( 10.87912087912088000, 0.0000000000000000000, -3.799999999999999400 ) ) ;
#329 = VERTEX_POINT ( 'NONE', #350 ) ;
#330 = EDGE_CURVE ( 'NONE', #899, #112, #209, .T. ) ;
#331 = DIRECTION ( 'NONE',  ( 0.5000000000000010000, 0.8660254037844382600, 0.0000000000000000000 ) ) ;
#332 = EDGE_CURVE ( 'NONE', #336, #873, #449, .T. ) ;
#333 = ORIENTED_EDGE ( 'NONE', *, *, #927, .F. ) ;
#334 = DIRECTION ( 'NONE',  ( 0.0000000000000000000, -1.000000000000000000, 0.0000000000000000000 ) ) ;
#335 = CARTESIAN_POINT ( 'NONE',  ( 0.0000000000000000000, 0.0000000000000000000, 3.600000000000001400 ) ) ;
#336 = VERTEX_POINT ( 'NONE', #586 ) ;
#337 = DIRECTION ( 'NONE',  ( -0.0000000000000000000, -0.0000000000000000000, 1.000000000000000000 ) ) ;
#338 = DIRECTION ( 'NONE',  ( 0.7071067811865505700, 8.659560562354969800E-017, -0.7071067811865444600 ) ) ;
#339 = LINE ( 'NONE', #872, #325 ) ;
#340 = ORIENTED_EDGE ( 'NONE', *, *, #564, .T. ) ;
#341 = CIRCLE ( 'NONE', #6, 9.120879120879118700 ) ;
#342 = DIRECTION ( 'NONE',  ( -0.0000000000000000000, -0.0000000000000000000, 1.000000000000000000 ) ) ;
#343 = ADVANCED_FACE ( 'NONE', ( #733, #495 ), #723, .F. ) ;
#344 = AXIS2_PLACEMENT_3D ( 'NONE', #641, #281, #331 ) ;
#345 = EDGE_CURVE ( 'NONE', #1164, #907, #675, .T. ) ;
#346 = COORDINATED_UNIVERSAL_TIME_OFFSET ( 6, 0, .BEHIND. ) ;
#347 = EDGE_LOOP ( 'NONE', ( #49, #867 ) ) ;
#348 = DIRECTION ( 'NONE',  ( -0.0000000000000000000, -0.0000000000000000000, 1.000000000000000000 ) ) ;
#349 = FACE_OUTER_BOUND ( 'NONE', #499, .T. ) ;
#350 = CARTESIAN_POINT ( 'NONE',  ( -9.120879120879118700, 1.116985542079454000E-015, -3.800000000000000300 ) ) ;
#351 = EDGE_LOOP ( 'NONE', ( #153, #352, #1553, #1541 ) ) ;
#352 = ORIENTED_EDGE ( 'NONE', *, *, #1030, .T. ) ;
#353 = CIRCLE ( 'NONE', #1177, 10.87912087912087800 ) ;
#354 = ADVANCED_FACE ( 'NONE', ( #51 ), #661, .T. ) ;
#355 = DIRECTION ( 'NONE',  ( -0.0000000000000000000, -0.0000000000000000000, 1.000000000000000000 ) ) ;
#356 = ORIENTED_EDGE ( 'NONE', *, *, #1030, .F. ) ;
#357 = AXIS2_PLACEMENT_3D ( 'NONE', #417, #1052, #511 ) ;
#358 = CARTESIAN_POINT ( 'NONE',  ( 9.120879120879118700, 0.0000000000000000000, -3.800000000000000300 ) ) ;
#359 = DIRECTION ( 'NONE',  ( -0.0000000000000000000, -0.0000000000000000000, 1.000000000000000000 ) ) ;
#360 = CARTESIAN_POINT ( 'NONE',  ( -6.000000000000000000, 7.347880794884119700E-016, 3.599999999999998300 ) ) ;
#361 = CARTESIAN_POINT ( 'NONE',  ( 0.0000000000000000000, 0.0000000000000000000, -3.600000000000001000 ) ) ;
#362 = CIRCLE ( 'NONE', #437, 10.87912087912087800 ) ;
#363 = CARTESIAN_POINT ( 'NONE',  ( 0.0000000000000000000, 10.00000000000000000, -1.224646799147352500E-016 ) ) ;
#364 = CARTESIAN_POINT ( 'NONE',  ( -4.999999999999889000, 8.660254037844451200, 1.983266837131796300 ) ) ;
#365 = ORIENTED_EDGE ( 'NONE', *, *, #427, .T. ) ;
#366 = ORIENTED_EDGE ( 'NONE', *, *, #1050, .F. ) ;
#367 = ORIENTED_EDGE ( 'NONE', *, *, #127, .T. ) ;
#368 = DIRECTION ( 'NONE',  ( 1.000000000000000000, 0.0000000000000000000, 0.0000000000000000000 ) ) ;
#369 = DIRECTION ( 'NONE',  ( 0.4999999999999918400, -0.8660254037844433700, 0.0000000000000000000 ) ) ;
#370 = AXIS2_PLACEMENT_3D ( 'NONE', #1259, #433, #206 ) ;
#371 = DIRECTION ( 'NONE',  ( -0.0000000000000000000, -0.0000000000000000000, 1.000000000000000000 ) ) ;
#372 = ORIENTED_EDGE ( 'NONE', *, *, #111, .T. ) ;
#373 = CARTESIAN_POINT ( 'NONE',  ( 9.120879120879118700, 0.0000000000000000000, 4.000000000000000000 ) ) ;
#374 = ORIENTED_EDGE ( 'NONE', *, *, #1250, .T. ) ;
#375 = CARTESIAN_POINT ( 'NONE',  ( 0.0000000000000000000, 0.0000000000000000000, -4.000000000000000000 ) ) ;
#376 = FACE_OUTER_BOUND ( 'NONE', #522, .T. ) ;
#377 = MANIFOLD_SOLID_BREP ( 'CirPattern1[3]', #1350 ) ;
#378 = CARTESIAN_POINT ( 'NONE',  ( 5.000000000000010700, 8.660254037844382000, -1.224646799147352500E-016 ) ) ;
#379 = CARTESIAN_POINT ( 'NONE',  ( 8.016733162868197500, 0.0000000000000000000, -3.278646221354267100E-015 ) ) ;
#380 = CIRCLE ( 'NONE', #1455, 10.87912087912087800 ) ;
#381 = DIRECTION ( 'NONE',  ( -0.0000000000000000000, -0.0000000000000000000, 1.000000000000000000 ) ) ;
#382 = CARTESIAN_POINT ( 'NONE',  ( 0.0000000000000000000, 6.400000000000003000, -4.000000000000000000 ) ) ;
#383 = DIRECTION ( 'NONE',  ( 1.000000000000000000, 0.0000000000000000000, 0.0000000000000000000 ) ) ;
#384 = CARTESIAN_POINT ( 'NONE',  ( -6.982962677686266700E-014, -10.00000000000000000, -1.224646799147352500E-016 ) ) ;
#385 = EDGE_CURVE ( 'NONE', #42, #1036, #182, .T. ) ;
#386 = CARTESIAN_POINT ( 'NONE',  ( -10.00000000000000000, 1.047444401652940000E-013, -1.224646799147352500E-016 ) ) ;
#387 = CARTESIAN_POINT ( 'NONE',  ( 0.0000000000000000000, 0.0000000000000000000, -1.777777777777777500 ) ) ;
#388 = EDGE_LOOP ( 'NONE', ( #981, #772 ) ) ;
#389 = CYLINDRICAL_SURFACE ( 'NONE', #307, 9.120879120879118700 ) ;
#390 = EDGE_CURVE ( 'NONE', #62, #1136, #1008, .T. ) ;
#391 = CARTESIAN_POINT ( 'NONE',  ( 0.0000000000000000000, 0.0000000000000000000, 3.799999999999999800 ) ) ;
#392 = ORIENTED_EDGE ( 'NONE', *, *, #564, .F. ) ;
#393 = FACE_OUTER_BOUND ( 'NONE', #848, .T. ) ;
#394 = CARTESIAN_POINT ( 'NONE',  ( 0.0000000000000000000, 0.0000000000000000000, -3.600000000000001000 ) ) ;
#395 = DIRECTION ( 'NONE',  ( 1.000000000000000000, 0.0000000000000000000, 0.0000000000000000000 ) ) ;
#396 = DIRECTION ( 'NONE',  ( 1.000000000000000000, 0.0000000000000000000, 0.0000000000000000000 ) ) ;
#397 = DIRECTION ( 'NONE',  ( 0.8660254037844432600, 0.4999999999999919500, 0.0000000000000000000 ) ) ;
#398 = DIRECTION ( 'NONE',  ( 0.0000000000000000000, -0.0000000000000000000, 1.000000000000000000 ) ) ;
#399 = DIRECTION ( 'NONE',  ( 0.0000000000000000000, 0.0000000000000000000, -1.000000000000000000 ) ) ;
#400 = CIRCLE ( 'NONE', #605, 1.983266837131793600 ) ;
#401 = DIRECTION ( 'NONE',  ( 1.000000000000000000, 0.0000000000000000000, 0.0000000000000000000 ) ) ;
#402 = DIRECTION ( 'NONE',  ( 1.000000000000000000, 0.0000000000000000000, 0.0000000000000000000 ) ) ;
#403 = DIRECTION ( 'NONE',  ( 0.5000000000000072200, 0.8660254037844344900, 0.0000000000000000000 ) ) ;
#404 = EDGE_LOOP ( 'NONE', ( #1062, #508 ) ) ;
#405 = CIRCLE ( 'NONE', #1416, 6.000000000000000000 ) ;
#406 = AXIS2_PLACEMENT_3D ( 'NONE', #326, #1016, #971 ) ;
#407 = EDGE_CURVE ( 'NONE', #662, #416, #849, .T. ) ;
#408 = ORIENTED_EDGE ( 'NONE', *, *, #489, .F. ) ;
#409 = CARTESIAN_POINT ( 'NONE',  ( -6.000000000000000000, 0.0000000000000000000, -3.600000000000001000 ) ) ;
#410 = CLOSED_SHELL ( 'NONE', ( #1237, #760, #1285, #1361, #870, #1143 ) ) ;
#411 = DIRECTION ( 'NONE',  ( -0.0000000000000000000, -0.0000000000000000000, 1.000000000000000000 ) ) ;
#412 = ORIENTED_EDGE ( 'NONE', *, *, #1194, .F. ) ;
#413 = CARTESIAN_POINT ( 'NONE',  ( -8.660254037844433500, -4.999999999999919200, -1.224646799147352500E-016 ) ) ;
#414 = DIRECTION ( 'NONE',  ( -0.0000000000000000000, -0.0000000000000000000, 1.000000000000000000 ) ) ;
#415 = VERTEX_POINT ( 'NONE', #138 ) ;
#416 = VERTEX_POINT ( 'NONE', #237 ) ;
#417 = CARTESIAN_POINT ( 'NONE',  ( 10.00000000000000000, 0.0000000000000000000, -1.224646799147352500E-016 ) ) ;
#418 = AXIS2_PLACEMENT_3D ( 'NONE', #1273, #252, #1001 ) ;
#419 = DIRECTION ( 'NONE',  ( 1.000000000000000000, 0.0000000000000000000, 0.0000000000000000000 ) ) ;
#420 = EDGE_LOOP ( 'NONE', ( #908, #803, #1427, #1261 ) ) ;
#421 = DIRECTION ( 'NONE',  ( -1.000000000000000000, 0.0000000000000000000, -0.0000000000000000000 ) ) ;
#422 = DIRECTION ( 'NONE',  ( -0.0000000000000000000, -0.0000000000000000000, 1.000000000000000000 ) ) ;
#423 = LOCAL_TIME ( 7, 12, 44.00000000000000000, #917 ) ;
#424 = CLOSED_SHELL ( 'NONE', ( #498, #1410 ) ) ;
#425 = AXIS2_PLACEMENT_3D ( 'NONE', #1298, #1429, #910 ) ;
#426 = CIRCLE ( 'NONE', #1486, 1.983266837131795200 ) ;
#427 = EDGE_CURVE ( 'NONE', #1184, #1615, #4, .T. ) ;
#428 = DIRECTION ( 'NONE',  ( -0.0000000000000000000, -0.0000000000000000000, 1.000000000000000000 ) ) ;
#429 = ORIENTED_EDGE ( 'NONE', *, *, #1521, .T. ) ;
#430 = EDGE_CURVE ( 'NONE', #1519, #722, #885, .T. ) ;
#431 = ORIENTED_EDGE ( 'NONE', *, *, #1272, .F. ) ;
#432 = DIRECTION ( 'NONE',  ( 3.491481338843131000E-015, 1.000000000000000000, -0.0000000000000000000 ) ) ;
#433 = DIRECTION ( 'NONE',  ( 0.0000000000000000000, 0.0000000000000000000, -1.000000000000000000 ) ) ;
#434 = LINE ( 'NONE', #593, #465 ) ;
#435 = DIRECTION ( 'NONE',  ( -0.0000000000000000000, -0.0000000000000000000, 1.000000000000000000 ) ) ;
#436 = ORIENTED_EDGE ( 'NONE', *, *, #1239, .T. ) ;
#437 = AXIS2_PLACEMENT_3D ( 'NONE', #223, #355, #693 ) ;
#438 = DIRECTION ( 'NONE',  ( -0.0000000000000000000, -0.0000000000000000000, 1.000000000000000000 ) ) ;
#439 = EDGE_LOOP ( 'NONE', ( #1084, #793, #897, #1061 ) ) ;
#440 = EDGE_CURVE ( 'NONE', #42, #1111, #889, .T. ) ;
#441 = ORIENTED_EDGE ( 'NONE', *, *, #1280, .F. ) ;
#442 = DIRECTION ( 'NONE',  ( 1.000000000000000000, 0.0000000000000000000, 0.0000000000000000000 ) ) ;
#443 = CARTESIAN_POINT ( 'NONE',  ( -6.982962677686266700E-014, -10.00000000000000000, -1.224646799147352500E-016 ) ) ;
#445 = MANIFOLD_SOLID_BREP ( 'CirPattern1[9]', #753 ) ;
#444 = VERTEX_POINT ( 'NONE', #557 ) ;
#446 = CARTESIAN_POINT ( 'NONE',  ( -9.120879120879118700, 1.116985542079454000E-015, 1.983266837131796300 ) ) ;
#447 = VECTOR ( 'NONE', #637, 1000.000000000000000 ) ;
#448 = DIRECTION ( 'NONE',  ( 0.4999999999999948400, -0.8660254037844417100, 0.0000000000000000000 ) ) ;
#449 = CIRCLE ( 'NONE', #588, 1.983266837131797000 ) ;
#450 = CARTESIAN_POINT ( 'NONE',  ( -8.660254037844433500, -4.999999999999919200, -1.224646799147352500E-016 ) ) ;
#451 = CARTESIAN_POINT ( 'NONE',  ( 0.0000000000000000000, 0.0000000000000000000, -3.799999999999999400 ) ) ;
#452 = ORIENTED_EDGE ( 'NONE', *, *, #895, .F. ) ;
#453 = ORIENTED_EDGE ( 'NONE', *, *, #127, .F. ) ;
#454 = AXIS2_PLACEMENT_3D ( 'NONE', #284, #246, #302 ) ;
#455 = CIRCLE ( 'NONE', #1578, 9.120879120879118700 ) ;
#456 = CARTESIAN_POINT ( 'NONE',  ( 0.0000000000000000000, 0.0000000000000000000, 4.000000000000000000 ) ) ;
#457 = CIRCLE ( 'NONE', #1037, 1.983266837131796500 ) ;
#458 =( GEOMETRIC_REPRESENTATION_CONTEXT ( 3 ) GLOBAL_UNCERTAINTY_ASSIGNED_CONTEXT ( ( #780 ) ) GLOBAL_UNIT_ASSIGNED_CONTEXT ( ( #1333, #469, #1335 ) ) REPRESENTATION_CONTEXT ( 'NONE', 'WORKASPACE' ) );
#459 = DIRECTION ( 'NONE',  ( 1.000000000000000000, 0.0000000000000000000, 0.0000000000000000000 ) ) ;
#460 = EDGE_CURVE ( 'NONE', #1024, #727, #928, .T. ) ;
#461 = ORIENTED_EDGE ( 'NONE', *, *, #806, .F. ) ;
#462 = ORIENTED_EDGE ( 'NONE', *, *, #1086, .T. ) ;
#463 = CARTESIAN_POINT ( 'NONE',  ( -13.99999999999999800, 0.0000000000000000000, 3.600000000000001400 ) ) ;
#464 = CARTESIAN_POINT ( 'NONE',  ( 0.0000000000000000000, 0.0000000000000000000, 4.000000000000000000 ) ) ;
#465 = VECTOR ( 'NONE', #514, 1000.000000000000000 ) ;
#466 = ORIENTED_EDGE ( 'NONE', *, *, #939, .F. ) ;
#467 = ORIENTED_EDGE ( 'NONE', *, *, #460, .F. ) ;
#468 = ORIENTED_EDGE ( 'NONE', *, *, #1086, .F. ) ;
#469 =( NAMED_UNIT ( * ) PLANE_ANGLE_UNIT ( ) SI_UNIT ( $, .RADIAN. ) );
#470 = EDGE_LOOP ( 'NONE', ( #333, #163 ) ) ;
#471 = AXIS2_PLACEMENT_3D ( 'NONE', #1555, #1195, #264 ) ;
#472 = EDGE_CURVE ( 'NONE', #736, #802, #199, .T. ) ;
#473 = ORIENTED_EDGE ( 'NONE', *, *, #460, .T. ) ;
#474 = PLANE ( 'NONE',  #1608 ) ;
#475 = EDGE_CURVE ( 'NONE', #1481, #108, #50, .T. ) ;
#476 = DIRECTION ( 'NONE',  ( 1.000000000000000000, 0.0000000000000000000, 0.0000000000000000000 ) ) ;
#477 = PERSON_AND_ORGANIZATION_ROLE ( 'creator' ) ;
#478 = CARTESIAN_POINT ( 'NONE',  ( 0.0000000000000000000, 0.0000000000000000000, -4.000000000000000000 ) ) ;
#479 = ORIENTED_EDGE ( 'NONE', *, *, #748, .F. ) ;
#480 = CARTESIAN_POINT ( 'NONE',  ( 10.87912087912087800, 0.0000000000000000000, 1.777777777777777500 ) ) ;
#481 = CARTESIAN_POINT ( 'NONE',  ( 6.000000000000000000, 7.347880794884119700E-016, -3.600000000000001000 ) ) ;
#482 = APPROVAL_DATE_TIME ( #975, #1202 ) ;
#483 = CARTESIAN_POINT ( 'NONE',  ( 9.120879120879118700, 0.0000000000000000000, 4.000000000000000000 ) ) ;
#484 = ORIENTED_EDGE ( 'NONE', *, *, #430, .F. ) ;
#485 = CONICAL_SURFACE ( 'NONE', #1204, 6.000000000000000000, 0.7853981633974526100 ) ;
#486 = AXIS2_PLACEMENT_3D ( 'NONE', #566, #663, #625 ) ;
#487 = AXIS2_PLACEMENT_3D ( 'NONE', #363, #684, #53 ) ;
#488 = DIRECTION ( 'NONE',  ( -0.0000000000000000000, -0.0000000000000000000, 1.000000000000000000 ) ) ;
#489 = EDGE_CURVE ( 'NONE', #620, #1164, #840, .T. ) ;
#490 = DIRECTION ( 'NONE',  ( 0.4999999999999921200, -0.8660254037844431500, 0.0000000000000000000 ) ) ;
#491 = ORIENTED_EDGE ( 'NONE', *, *, #1397, .F. ) ;
#492 = DIRECTION ( 'NONE',  ( 1.000000000000000000, 0.0000000000000000000, 0.0000000000000000000 ) ) ;
#493 = DIRECTION ( 'NONE',  ( 1.000000000000000000, 0.0000000000000000000, 0.0000000000000000000 ) ) ;
#494 = CARTESIAN_POINT ( 'NONE',  ( -4.999999999999889000, 8.660254037844451200, -1.224646799147352500E-016 ) ) ;
#495 = FACE_BOUND ( 'NONE', #1573, .T. ) ;
#496 = DIRECTION ( 'NONE',  ( 1.000000000000000000, 0.0000000000000000000, 0.0000000000000000000 ) ) ;
#497 = DIRECTION ( 'NONE',  ( -0.0000000000000000000, -0.0000000000000000000, 1.000000000000000000 ) ) ;
#498 = ADVANCED_FACE ( 'NONE', ( #650 ), #990, .T. ) ;
#499 = EDGE_LOOP ( 'NONE', ( #1493, #100 ) ) ;
#500 = EDGE_CURVE ( 'NONE', #141, #1244, #405, .T. ) ;
#501 = CARTESIAN_POINT ( 'NONE',  ( 4.999999999999949400, -8.660254037844415700, -1.224646799147352500E-016 ) ) ;
#502 = ORIENTED_EDGE ( 'NONE', *, *, #235, .F. ) ;
#503 = DIRECTION ( 'NONE',  ( 1.000000000000000000, 0.0000000000000000000, 0.0000000000000000000 ) ) ;
#504 = PLANE ( 'NONE',  #1534 ) ;
#505 = DIRECTION ( 'NONE',  ( 1.000000000000000000, 0.0000000000000000000, 0.0000000000000000000 ) ) ;
#506 = DIRECTION ( 'NONE',  ( 0.0000000000000000000, 1.000000000000000000, 0.0000000000000000000 ) ) ;
#507 = EDGE_CURVE ( 'NONE', #808, #415, #797, .T. ) ;
#508 = ORIENTED_EDGE ( 'NONE', *, *, #1321, .T. ) ;
#509 = AXIS2_PLACEMENT_3D ( 'NONE', #789, #1450, #602 ) ;
#510 = ORIENTED_EDGE ( 'NONE', *, *, #737, .F. ) ;
#511 = DIRECTION ( 'NONE',  ( 0.0000000000000000000, 0.0000000000000000000, -1.000000000000000000 ) ) ;
#512 = CARTESIAN_POINT ( 'NONE',  ( 0.0000000000000000000, 0.0000000000000000000, 4.000000000000000000 ) ) ;
#513 = ADVANCED_FACE ( 'NONE', ( #95 ), #977, .F. ) ;
#514 = DIRECTION ( 'NONE',  ( -0.0000000000000000000, -0.0000000000000000000, 1.000000000000000000 ) ) ;
#515 = EDGE_CURVE ( 'NONE', #1473, #1123, #893, .T. ) ;
#516 = VERTEX_POINT ( 'NONE', #1385 ) ;
#517 = PLANE ( 'NONE',  #1386 ) ;
#518 = DIRECTION ( 'NONE',  ( 0.8660254037844399300, 0.4999999999999979500, 0.0000000000000000000 ) ) ;
#519 = DIRECTION ( 'NONE',  ( 1.000000000000000000, 0.0000000000000000000, 0.0000000000000000000 ) ) ;
#520 = DIRECTION ( 'NONE',  ( -0.0000000000000000000, -0.0000000000000000000, 1.000000000000000000 ) ) ;
#521 = FACE_OUTER_BOUND ( 'NONE', #1515, .T. ) ;
#522 = EDGE_LOOP ( 'NONE', ( #1449, #1055, #340, #1042 ) ) ;
#523 = DIRECTION ( 'NONE',  ( -1.000000000000000000, 1.224646799147353500E-016, 0.0000000000000000000 ) ) ;
#524 = DIRECTION ( 'NONE',  ( -0.8660254037844415900, -0.4999999999999949500, 0.0000000000000000000 ) ) ;
#525 = FACE_OUTER_BOUND ( 'NONE', #754, .T. ) ;
#526 = CIRCLE ( 'NONE', #1336, 1.983266837131797000 ) ;
#527 = CARTESIAN_POINT ( 'NONE',  ( 4.999999999999949400, -8.660254037844415700, -1.983266837131796300 ) ) ;
#528 = ADVANCED_FACE ( 'NONE', ( #823 ), #1138, .T. ) ;
#529 = ORIENTED_EDGE ( 'NONE', *, *, #961, .F. ) ;
#530 = EDGE_CURVE ( 'NONE', #584, #1546, #950, .T. ) ;
#531 = CARTESIAN_POINT ( 'NONE',  ( 10.87912087912087800, 0.0000000000000000000, 4.000000000000000000 ) ) ;
#532 = DIRECTION ( 'NONE',  ( -0.0000000000000000000, -0.0000000000000000000, 1.000000000000000000 ) ) ;
#533 = CARTESIAN_POINT ( 'NONE',  ( -8.660254037844328700, 5.000000000000100400, -1.224646799147352500E-016 ) ) ;
#534 = VERTEX_POINT ( 'NONE', #1571 ) ;
#535 = DIRECTION ( 'NONE',  ( 1.000000000000000000, 0.0000000000000000000, 0.0000000000000000000 ) ) ;
#536 = ORIENTED_EDGE ( 'NONE', *, *, #1067, .F. ) ;
#537 = DIRECTION ( 'NONE',  ( 1.000000000000000000, 0.0000000000000000000, 0.0000000000000000000 ) ) ;
#538 = ORIENTED_EDGE ( 'NONE', *, *, #276, .T. ) ;
#539 = DIRECTION ( 'NONE',  ( 0.8660254037844328200, -0.5000000000000101000, 0.0000000000000000000 ) ) ;
#540 = EDGE_LOOP ( 'NONE', ( #1436, #101 ) ) ;
#541 = ADVANCED_FACE ( 'NONE', ( #70 ), #1046, .T. ) ;
#542 = AXIS2_PLACEMENT_3D ( 'NONE', #673, #624, #67 ) ;
#543 = CARTESIAN_POINT ( 'NONE',  ( 13.60000000000000000, 0.0000000000000000000, -4.000000000000000000 ) ) ;
#544 = EDGE_CURVE ( 'NONE', #1627, #1615, #1060, .T. ) ;
#545 = VECTOR ( 'NONE', #76, 1000.000000000000000 ) ;
#546 = ORIENTED_EDGE ( 'NONE', *, *, #385, .T. ) ;
#547 = DIRECTION ( 'NONE',  ( -1.224646799147353000E-016, -1.000000000000000000, 0.0000000000000000000 ) ) ;
#548 = CARTESIAN_POINT ( 'NONE',  ( 0.0000000000000000000, 0.0000000000000000000, -4.000000000000000000 ) ) ;
#549 = VERTEX_POINT ( 'NONE', #270 ) ;
#550 = APPROVAL_PERSON_ORGANIZATION ( #1002, #1202, #1405 ) ;
#551 = DIRECTION ( 'NONE',  ( 0.0000000000000000000, -0.0000000000000000000, 1.000000000000000000 ) ) ;
#552 = ADVANCED_FACE ( 'NONE', ( #896 ), #1511, .T. ) ;
#553 = CONICAL_SURFACE ( 'NONE', #703, 6.000000000000000000, 0.7853981633974526100 ) ;
#554 = DIRECTION ( 'NONE',  ( -1.000000000000000000, 1.224646799147353200E-016, 0.0000000000000000000 ) ) ;
#555 = CC_DESIGN_PERSON_AND_ORGANIZATION_ASSIGNMENT ( #172, #1107, ( #1488 ) ) ;
#556 = EDGE_CURVE ( 'NONE', #1297, #1615, #880, .T. ) ;
#557 = CARTESIAN_POINT ( 'NONE',  ( 10.87912087912087800, 0.0000000000000000000, 1.983266837131796300 ) ) ;
#558 = MANIFOLD_SOLID_BREP ( 'CirPattern1[8]', #1620 ) ;
#559 = DIRECTION ( 'NONE',  ( 0.0000000000000000000, -0.0000000000000000000, 1.000000000000000000 ) ) ;
#560 = CIRCLE ( 'NONE', #689, 1.983266837131797000 ) ;
#561 = DIRECTION ( 'NONE',  ( -0.0000000000000000000, -0.0000000000000000000, 1.000000000000000000 ) ) ;
#562 = EDGE_CURVE ( 'NONE', #925, #1627, #28, .T. ) ;
#563 = CARTESIAN_POINT ( 'NONE',  ( 0.0000000000000000000, 0.0000000000000000000, 1.777777777777777500 ) ) ;
#564 = EDGE_CURVE ( 'NONE', #1546, #584, #1075, .T. ) ;
#565 = DIRECTION ( 'NONE',  ( -0.0000000000000000000, -0.0000000000000000000, 1.000000000000000000 ) ) ;
#566 = CARTESIAN_POINT ( 'NONE',  ( 0.0000000000000000000, 0.0000000000000000000, 4.000000000000000000 ) ) ;
#567 = EDGE_LOOP ( 'NONE', ( #71, #757, #1211, #676 ) ) ;
#568 = ADVANCED_FACE ( 'NONE', ( #709 ), #1095, .T. ) ;
#569 = CARTESIAN_POINT ( 'NONE',  ( 9.120879120879118700, 0.0000000000000000000, 1.983266837131796300 ) ) ;
#570 = DIRECTION ( 'NONE',  ( -0.0000000000000000000, -0.0000000000000000000, 1.000000000000000000 ) ) ;
#571 = CIRCLE ( 'NONE', #1160, 6.000000000000000000 ) ;
#572 = VERTEX_POINT ( 'NONE', #779 ) ;
#573 = CIRCLE ( 'NONE', #1400, 9.120879120879118700 ) ;
#574 = DIRECTION ( 'NONE',  ( -0.0000000000000000000, -0.0000000000000000000, 1.000000000000000000 ) ) ;
#575 = EDGE_LOOP ( 'NONE', ( #142, #1556 ) ) ;
#576 = CARTESIAN_POINT ( 'NONE',  ( 0.0000000000000000000, 0.0000000000000000000, 1.777777777777777500 ) ) ;
#577 = CARTESIAN_POINT ( 'NONE',  ( 0.0000000000000000000, 0.0000000000000000000, -1.777777777777780100 ) ) ;
#578 = EDGE_LOOP ( 'NONE', ( #452, #1032, #1009, #596 ) ) ;
#579 = EDGE_CURVE ( 'NONE', #248, #1546, #820, .T. ) ;
#580 = DIRECTION ( 'NONE',  ( 0.0000000000000000000, -0.0000000000000000000, 1.000000000000000000 ) ) ;
#581 = DIRECTION ( 'NONE',  ( -0.0000000000000000000, -0.0000000000000000000, 1.000000000000000000 ) ) ;
#582 = SPHERICAL_SURFACE ( 'NONE', #1290, 1.983266837131796300 ) ;
#583 = DIRECTION ( 'NONE',  ( 1.000000000000000000, 0.0000000000000000000, 0.0000000000000000000 ) ) ;
#584 = VERTEX_POINT ( 'NONE', #963 ) ;
#585 = SPHERICAL_SURFACE ( 'NONE', #471, 1.983266837131796300 ) ;
#586 = CARTESIAN_POINT ( 'NONE',  ( -6.982962677686266700E-014, -10.00000000000000000, -1.983266837131796300 ) ) ;
#587 = VECTOR ( 'NONE', #649, 1000.000000000000000 ) ;
#588 = AXIS2_PLACEMENT_3D ( 'NONE', #443, #273, #752 ) ;
#589 = DIRECTION ( 'NONE',  ( -0.0000000000000000000, -0.0000000000000000000, 1.000000000000000000 ) ) ;
#590 = CARTESIAN_POINT ( 'NONE',  ( -10.87912087912088000, 1.332308056215252600E-015, 4.000000000000000000 ) ) ;
#591 = AXIS2_PLACEMENT_3D ( 'NONE', #1179, #265, #236 ) ;
#592 = DIRECTION ( 'NONE',  ( -0.4999999999999886800, 0.8660254037844452600, 0.0000000000000000000 ) ) ;
#593 = CARTESIAN_POINT ( 'NONE',  ( -6.000000000000000000, 7.347880794884119700E-016, 4.000000000000000000 ) ) ;
#594 = FACE_OUTER_BOUND ( 'NONE', #1197, .T. ) ;
#595 = VERTEX_POINT ( 'NONE', #32 ) ;
#596 = ORIENTED_EDGE ( 'NONE', *, *, #427, .F. ) ;
#597 = ORIENTED_EDGE ( 'NONE', *, *, #1331, .T. ) ;
#598 = CARTESIAN_POINT ( 'NONE',  ( -8.660254037844433500, -4.999999999999919200, -1.983266837131796300 ) ) ;
#599 = MANIFOLD_SOLID_BREP ( 'CirPattern1[10]', #1517 ) ;
#600 = CARTESIAN_POINT ( 'NONE',  ( 0.0000000000000000000, 0.0000000000000000000, 3.599999999999998300 ) ) ;
#601 = DIRECTION ( 'NONE',  ( 1.000000000000000000, -6.982962677686262000E-015, 0.0000000000000000000 ) ) ;
#602 = DIRECTION ( 'NONE',  ( 1.000000000000000000, 0.0000000000000000000, 0.0000000000000000000 ) ) ;
#603 = CARTESIAN_POINT ( 'NONE',  ( 0.0000000000000000000, 0.0000000000000000000, 3.600000000000001400 ) ) ;
#604 = VERTEX_POINT ( 'NONE', #19 ) ;
#605 = AXIS2_PLACEMENT_3D ( 'NONE', #240, #334, #269 ) ;
#606 = AXIS2_PLACEMENT_3D ( 'NONE', #1206, #283, #1345 ) ;
#607 = EDGE_CURVE ( 'NONE', #1473, #1123, #1623, .T. ) ;
#608 = COORDINATED_UNIVERSAL_TIME_OFFSET ( 6, 0, .BEHIND. ) ;
#609 = EDGE_LOOP ( 'NONE', ( #1539, #835 ) ) ;
#610 = FACE_BOUND ( 'NONE', #575, .T. ) ;
#611 = CARTESIAN_POINT ( 'NONE',  ( -9.120879120879118700, 1.116985542079454000E-015, 4.000000000000000000 ) ) ;
#612 = SPHERICAL_SURFACE ( 'NONE', #81, 1.983266837131796300 ) ;
#613 = FACE_OUTER_BOUND ( 'NONE', #1144, .T. ) ;
#614 = DIRECTION ( 'NONE',  ( -0.8660254037844431500, -0.4999999999999921200, 0.0000000000000000000 ) ) ;
#615 = VERTEX_POINT ( 'NONE', #543 ) ;
#616 = CARTESIAN_POINT ( 'NONE',  ( 0.0000000000000000000, 0.0000000000000000000, -4.000000000000000000 ) ) ;
#617 = CARTESIAN_POINT ( 'NONE',  ( 0.0000000000000000000, 10.87912087912087800, 1.983266837131796300 ) ) ;
#618 = VERTEX_POINT ( 'NONE', #77 ) ;
#619 = DIRECTION ( 'NONE',  ( 1.000000000000000000, 0.0000000000000000000, 0.0000000000000000000 ) ) ;
#620 = VERTEX_POINT ( 'NONE', #225 ) ;
#621 = DIRECTION ( 'NONE',  ( -0.0000000000000000000, -0.0000000000000000000, 1.000000000000000000 ) ) ;
#622 = DIRECTION ( 'NONE',  ( 1.000000000000000000, 0.0000000000000000000, 0.0000000000000000000 ) ) ;
#623 = AXIS2_PLACEMENT_3D ( 'NONE', #114, #763, #725 ) ;
#624 = DIRECTION ( 'NONE',  ( -0.5000000000000040000, -0.8660254037844362700, 0.0000000000000000000 ) ) ;
#625 = DIRECTION ( 'NONE',  ( 1.000000000000000000, 0.0000000000000000000, 0.0000000000000000000 ) ) ;
#626 = ORIENTED_EDGE ( 'NONE', *, *, #748, .T. ) ;
#627 = ORIENTED_EDGE ( 'NONE', *, *, #980, .T. ) ;
#628 = DIRECTION ( 'NONE',  ( -0.0000000000000000000, -0.0000000000000000000, 1.000000000000000000 ) ) ;
#629 = ORIENTED_EDGE ( 'NONE', *, *, #235, .T. ) ;
#630 = ORIENTED_EDGE ( 'NONE', *, *, #1035, .F. ) ;
#631 = ORIENTED_EDGE ( 'NONE', *, *, #1550, .T. ) ;
#632 = CARTESIAN_POINT ( 'NONE',  ( -5.000000000000071100, -8.660254037844346400, -1.224646799147352500E-016 ) ) ;
#633 = CARTESIAN_POINT ( 'NONE',  ( 0.0000000000000000000, 0.0000000000000000000, 4.000000000000000000 ) ) ;
#634 = DIRECTION ( 'NONE',  ( -0.0000000000000000000, -0.0000000000000000000, 1.000000000000000000 ) ) ;
#635 = CARTESIAN_POINT ( 'NONE',  ( -8.660254037844328700, 5.000000000000100400, -1.224646799147352500E-016 ) ) ;
#636 = VERTEX_POINT ( 'NONE', #222 ) ;
#637 = DIRECTION ( 'NONE',  ( -0.0000000000000000000, -0.0000000000000000000, 1.000000000000000000 ) ) ;
#638 = ORIENTED_EDGE ( 'NONE', *, *, #671, .T. ) ;
#639 = ORIENTED_EDGE ( 'NONE', *, *, #1156, .F. ) ;
#640 = SPHERICAL_SURFACE ( 'NONE', #344, 1.983266837131796300 ) ;
#641 = CARTESIAN_POINT ( 'NONE',  ( 5.000000000000010700, 8.660254037844382000, -1.224646799147352500E-016 ) ) ;
#642 = CARTESIAN_POINT ( 'NONE',  ( 0.0000000000000000000, 0.0000000000000000000, -1.777777777777780100 ) ) ;
#643 = DIRECTION ( 'NONE',  ( 1.000000000000000000, 0.0000000000000000000, 0.0000000000000000000 ) ) ;
#644 = DIRECTION ( 'NONE',  ( 0.5000000000000008900, 0.8660254037844380400, 0.0000000000000000000 ) ) ;
#645 = DIRECTION ( 'NONE',  ( -0.0000000000000000000, -0.0000000000000000000, 1.000000000000000000 ) ) ;
#646 = EDGE_LOOP ( 'NONE', ( #639, #502, #1543, #93 ) ) ;
#647 = DIRECTION ( 'NONE',  ( 1.000000000000000000, 0.0000000000000000000, 0.0000000000000000000 ) ) ;
#648 = CARTESIAN_POINT ( 'NONE',  ( 14.00000000000000000, 0.0000000000000000000, -3.600000000000001000 ) ) ;
#649 = DIRECTION ( 'NONE',  ( -0.0000000000000000000, -0.0000000000000000000, 1.000000000000000000 ) ) ;
#650 = FACE_OUTER_BOUND ( 'NONE', #1618, .T. ) ;
#651 = EDGE_LOOP ( 'NONE', ( #538, #1105 ) ) ;
#652 = AXIS2_PLACEMENT_3D ( 'NONE', #413, #1073, #614 ) ;
#653 = FACE_OUTER_BOUND ( 'NONE', #211, .T. ) ;
#654 = DIRECTION ( 'NONE',  ( 1.000000000000000000, 0.0000000000000000000, 0.0000000000000000000 ) ) ;
#655 = CYLINDRICAL_SURFACE ( 'NONE', #1640, 9.120879120879116900 ) ;
#656 = CARTESIAN_POINT ( 'NONE',  ( 10.00000000000000000, -3.491481338843133400E-014, -1.224646799147352500E-016 ) ) ;
#657 = EDGE_CURVE ( 'NONE', #1209, #636, #1149, .T. ) ;
#658 = DIRECTION ( 'NONE',  ( 0.8660254037844450400, 0.4999999999999889000, -0.0000000000000000000 ) ) ;
#659 = DIRECTION ( 'NONE',  ( -0.0000000000000000000, -0.0000000000000000000, 1.000000000000000000 ) ) ;
#660 = CARTESIAN_POINT ( 'NONE',  ( -6.982962677686266700E-014, -10.00000000000000000, 1.983266837131796300 ) ) ;
#661 = SPHERICAL_SURFACE ( 'NONE', #940, 1.983266837131796300 ) ;
#662 = VERTEX_POINT ( 'NONE', #208 ) ;
#663 = DIRECTION ( 'NONE',  ( -0.0000000000000000000, -0.0000000000000000000, 1.000000000000000000 ) ) ;
#664 = CARTESIAN_POINT ( 'NONE',  ( 0.0000000000000000000, 0.0000000000000000000, 1.983266837131796300 ) ) ;
#665 = DIRECTION ( 'NONE',  ( -0.0000000000000000000, -0.0000000000000000000, 1.000000000000000000 ) ) ;
#666 = ORIENTED_EDGE ( 'NONE', *, *, #1088, .T. ) ;
#667 = DIRECTION ( 'NONE',  ( -0.0000000000000000000, -0.0000000000000000000, 1.000000000000000000 ) ) ;
#668 = DIRECTION ( 'NONE',  ( 1.000000000000000000, 0.0000000000000000000, 0.0000000000000000000 ) ) ;
#669 = TOROIDAL_SURFACE ( 'NONE', #856, 9.999999999999991100, 1.983266837131793600 ) ;
#670 = FACE_OUTER_BOUND ( 'NONE', #1372, .T. ) ;
#671 = EDGE_CURVE ( 'NONE', #1411, #234, #967, .T. ) ;
#672 = ORIENTED_EDGE ( 'NONE', *, *, #390, .F. ) ;
#673 = CARTESIAN_POINT ( 'NONE',  ( 8.660254037844366000, -5.000000000000040900, -1.224646799147352500E-016 ) ) ;
#674 = CARTESIAN_POINT ( 'NONE',  ( 5.000000000000010700, 8.660254037844382000, -1.224646799147352500E-016 ) ) ;
#675 = CIRCLE ( 'NONE', #486, 9.120879120879118700 ) ;
#676 = ORIENTED_EDGE ( 'NONE', *, *, #507, .T. ) ;
#677 = DIRECTION ( 'NONE',  ( 1.000000000000000000, 0.0000000000000000000, 0.0000000000000000000 ) ) ;
#678 = CARTESIAN_POINT ( 'NONE',  ( 0.0000000000000000000, 0.0000000000000000000, -1.777777777777777500 ) ) ;
#679 = CIRCLE ( 'NONE', #1551, 1.983266837131796100 ) ;
#680 = DIRECTION ( 'NONE',  ( -0.0000000000000000000, -0.0000000000000000000, 1.000000000000000000 ) ) ;
#681 = EDGE_LOOP ( 'NONE', ( #1026, #1485 ) ) ;
#682 = CARTESIAN_POINT ( 'NONE',  ( -9.120879120879118700, 1.116985542079454000E-015, 1.777777777777777500 ) ) ;
#683 = VERTEX_POINT ( 'NONE', #598 ) ;
#684 = DIRECTION ( 'NONE',  ( 1.000000000000000000, 0.0000000000000000000, 0.0000000000000000000 ) ) ;
#685 = DIRECTION ( 'NONE',  ( 0.8660254037844414800, 0.4999999999999947300, -0.0000000000000000000 ) ) ;
#686 = DIRECTION ( 'NONE',  ( -0.0000000000000000000, -0.0000000000000000000, 1.000000000000000000 ) ) ;
#687 = EDGE_LOOP ( 'NONE', ( #988, #638 ) ) ;
#688 = CARTESIAN_POINT ( 'NONE',  ( -8.660254037844328700, 5.000000000000100400, 1.983266837131796300 ) ) ;
#689 = AXIS2_PLACEMENT_3D ( 'NONE', #384, #1641, #1637 ) ;
#690 = LOCAL_TIME ( 7, 12, 44.00000000000000000, #1070 ) ;
#691 = CARTESIAN_POINT ( 'NONE',  ( 0.0000000000000000000, 0.0000000000000000000, 4.000000000000000900 ) ) ;
#692 = CIRCLE ( 'NONE', #271, 10.87912087912087800 ) ;
#693 = DIRECTION ( 'NONE',  ( 1.000000000000000000, 0.0000000000000000000, 0.0000000000000000000 ) ) ;
#694 = APPROVAL_STATUS ( 'not_yet_approved' ) ;
#695 = CARTESIAN_POINT ( 'NONE',  ( -6.400000000000003000, 0.0000000000000000000, -4.000000000000000000 ) ) ;
#696 = EDGE_LOOP ( 'NONE', ( #1241, #189, #837, #962 ) ) ;
#697 = PRODUCT_DEFINITION ( 'UNKNOWN', '', #1145, #1516 ) ;
#698 = DIRECTION ( 'NONE',  ( 0.8660254037844344900, -0.5000000000000069900, 0.0000000000000000000 ) ) ;
#699 = CARTESIAN_POINT ( 'NONE',  ( 0.0000000000000000000, 0.0000000000000000000, 4.000000000000000000 ) ) ;
#700 = DIRECTION ( 'NONE',  ( 1.000000000000000000, 0.0000000000000000000, 0.0000000000000000000 ) ) ;
#701 = CARTESIAN_POINT ( 'NONE',  ( 4.999999999999949400, -8.660254037844415700, -1.224646799147352500E-016 ) ) ;
#702 = EDGE_LOOP ( 'NONE', ( #1614, #305 ) ) ;
#703 = AXIS2_PLACEMENT_3D ( 'NONE', #1146, #98, #1591 ) ;
#704 = EDGE_CURVE ( 'NONE', #890, #1087, #952, .T. ) ;
#705 = DIRECTION ( 'NONE',  ( -0.0000000000000000000, -0.0000000000000000000, 1.000000000000000000 ) ) ;
#706 = ORIENTED_EDGE ( 'NONE', *, *, #1268, .T. ) ;
#707 = ADVANCED_FACE ( 'NONE', ( #832 ), #229, .T. ) ;
#708 = EDGE_CURVE ( 'NONE', #416, #1605, #902, .T. ) ;
#709 = FACE_OUTER_BOUND ( 'NONE', #118, .T. ) ;
#710 = DIRECTION ( 'NONE',  ( 1.000000000000000000, 0.0000000000000000000, 0.0000000000000000000 ) ) ;
#711 = FACE_OUTER_BOUND ( 'NONE', #1161, .T. ) ;
#712 = CARTESIAN_POINT ( 'NONE',  ( -10.87912087912088000, 1.332308056215252600E-015, 4.000000000000000000 ) ) ;
#713 = CARTESIAN_POINT ( 'NONE',  ( 0.0000000000000000000, 10.00000000000000000, -1.224646799147352500E-016 ) ) ;
#714 = FACE_OUTER_BOUND ( 'NONE', #123, .T. ) ;
#715 = EDGE_CURVE ( 'NONE', #618, #248, #931, .T. ) ;
#716 = EDGE_LOOP ( 'NONE', ( #894, #1505, #1432, #66 ) ) ;
#717 = ADVANCED_FACE ( 'NONE', ( #263 ), #956, .F. ) ;
#718 = FACE_OUTER_BOUND ( 'NONE', #1081, .T. ) ;
#719 = EDGE_CURVE ( 'NONE', #1244, #112, #731, .T. ) ;
#720 = CARTESIAN_POINT ( 'NONE',  ( 4.999999999999949400, -8.660254037844415700, -1.224646799147352500E-016 ) ) ;
#721 = EDGE_CURVE ( 'NONE', #878, #620, #573, .T. ) ;
#722 = VERTEX_POINT ( 'NONE', #364 ) ;
#723 = PLANE ( 'NONE',  #64 ) ;
#724 = DIRECTION ( 'NONE',  ( -0.0000000000000000000, -0.0000000000000000000, 1.000000000000000000 ) ) ;
#725 = DIRECTION ( 'NONE',  ( 1.000000000000000000, 0.0000000000000000000, 0.0000000000000000000 ) ) ;
#726 = CARTESIAN_POINT ( 'NONE',  ( -13.60000000000000000, 1.690012582823347500E-015, -4.000000000000000000 ) ) ;
#727 = VERTEX_POINT ( 'NONE', #999 ) ;
#728 = DIRECTION ( 'NONE',  ( 1.000000000000000000, 0.0000000000000000000, 0.0000000000000000000 ) ) ;
#729 = ADVANCED_FACE ( 'NONE', ( #254, #15 ), #474, .F. ) ;
#730 = AXIS2_PLACEMENT_3D ( 'NONE', #335, #292, #280 ) ;
#731 = LINE ( 'NONE', #481, #936 ) ;
#732 = CARTESIAN_POINT ( 'NONE',  ( 9.120879120879116900, 0.0000000000000000000, -1.777777777777780100 ) ) ;
#733 = FACE_OUTER_BOUND ( 'NONE', #1066, .T. ) ;
#734 = CYLINDRICAL_SURFACE ( 'NONE', #250, 10.87912087912088000 ) ;
#735 = DIRECTION ( 'NONE',  ( -0.8660254037844330500, 0.5000000000000097700, 0.0000000000000000000 ) ) ;
#736 = VERTEX_POINT ( 'NONE', #310 ) ;
#737 = EDGE_CURVE ( 'NONE', #683, #829, #679, .T. ) ;
#738 = ADVANCED_FACE ( 'NONE', ( #850 ), #1281, .F. ) ;
#739 = CARTESIAN_POINT ( 'NONE',  ( -13.60000000000000000, 1.665519646840400200E-015, -4.000000000000000000 ) ) ;
#740 = EDGE_CURVE ( 'NONE', #444, #1596, #239, .T. ) ;
#741 = ORGANIZATION ( 'UNSPECIFIED', 'UNSPECIFIED', '' ) ;
#742 = CARTESIAN_POINT ( 'NONE',  ( -13.99999999999999800, 0.0000000000000000000, 3.600000000000001400 ) ) ;
#743 = CIRCLE ( 'NONE', #1559, 8.016733162868197500 ) ;
#744 = ORIENTED_EDGE ( 'NONE', *, *, #1234, .F. ) ;
#745 = AXIS2_PLACEMENT_3D ( 'NONE', #1278, #1338, #1109 ) ;
#746 = EDGE_CURVE ( 'NONE', #802, #736, #919, .T. ) ;
#747 = DIRECTION ( 'NONE',  ( 1.000000000000000000, 0.0000000000000000000, 0.0000000000000000000 ) ) ;
#748 = EDGE_CURVE ( 'NONE', #549, #1646, #1430, .T. ) ;
#749 = ADVANCED_FACE ( 'NONE', ( #1188 ), #21, .T. ) ;
#750 = CARTESIAN_POINT ( 'NONE',  ( 13.59999999999999800, 1.690012582823347100E-015, 4.000000000000000900 ) ) ;
#751 = CARTESIAN_POINT ( 'NONE',  ( 9.120879120879118700, 0.0000000000000000000, 3.799999999999999800 ) ) ;
#752 = DIRECTION ( 'NONE',  ( 7.105427357601001900E-015, 1.000000000000000000, 0.0000000000000000000 ) ) ;
#753 = CLOSED_SHELL ( 'NONE', ( #1134, #568 ) ) ;
#754 = EDGE_LOOP ( 'NONE', ( #1395, #157, #1598, #1078 ) ) ;
#755 = DIRECTION ( 'NONE',  ( -0.4999999999999978400, 0.8660254037844397100, 0.0000000000000000000 ) ) ;
#756 = AXIS2_PLACEMENT_3D ( 'NONE', #943, #915, #700 ) ;
#757 = ORIENTED_EDGE ( 'NONE', *, *, #704, .F. ) ;
#758 = ORIENTED_EDGE ( 'NONE', *, *, #1252, .F. ) ;
#759 = AXIS2_PLACEMENT_3D ( 'NONE', #678, #317, #402 ) ;
#760 = ADVANCED_FACE ( 'NONE', ( #218 ), #1190, .F. ) ;
#761 = DIRECTION ( 'NONE',  ( -6.982962677686262000E-015, -1.000000000000000000, 0.0000000000000000000 ) ) ;
#762 = SPHERICAL_SURFACE ( 'NONE', #1597, 1.983266837131796300 ) ;
#763 = DIRECTION ( 'NONE',  ( -0.0000000000000000000, -0.0000000000000000000, 1.000000000000000000 ) ) ;
#764 = EDGE_LOOP ( 'NONE', ( #1507, #1570 ) ) ;
#765 = VECTOR ( 'NONE', #520, 1000.000000000000000 ) ;
#766 = DIRECTION ( 'NONE',  ( 1.000000000000000000, 0.0000000000000000000, 0.0000000000000000000 ) ) ;
#767 = CARTESIAN_POINT ( 'NONE',  ( -4.999999999999889000, 8.660254037844451200, -1.224646799147352500E-016 ) ) ;
#768 = AXIS2_PLACEMENT_3D ( 'NONE', #116, #193, #1621 ) ;
#769 = DIRECTION ( 'NONE',  ( -0.8660254037844451500, -0.4999999999999887900, 0.0000000000000000000 ) ) ;
#770 = DIRECTION ( 'NONE',  ( -0.0000000000000000000, -0.0000000000000000000, 1.000000000000000000 ) ) ;
#771 = ORIENTED_EDGE ( 'NONE', *, *, #1094, .F. ) ;
#772 = ORIENTED_EDGE ( 'NONE', *, *, #821, .T. ) ;
#773 = VERTEX_POINT ( 'NONE', #750 ) ;
#774 = ORIENTED_EDGE ( 'NONE', *, *, #224, .T. ) ;
#775 = ORIENTED_EDGE ( 'NONE', *, *, #1194, .T. ) ;
#776 = VERTEX_POINT ( 'NONE', #688 ) ;
#777 = CIRCLE ( 'NONE', #1065, 10.87912087912088000 ) ;
#778 = DIRECTION ( 'NONE',  ( 0.0000000000000000000, -1.000000000000000000, 0.0000000000000000000 ) ) ;
#779 = CARTESIAN_POINT ( 'NONE',  ( 9.120879120879118700, 0.0000000000000000000, -4.000000000000000000 ) ) ;
#780 = UNCERTAINTY_MEASURE_WITH_UNIT (LENGTH_MEASURE( 1.000000000000000100E-005 ), #1333, 'distance_accuracy_value', 'NONE');
#781 = DIRECTION ( 'NONE',  ( 0.8660254037844399300, 0.4999999999999979500, 0.0000000000000000000 ) ) ;
#782 = ORIENTED_EDGE ( 'NONE', *, *, #472, .T. ) ;
#783 = DIRECTION ( 'NONE',  ( 1.000000000000000000, 0.0000000000000000000, 0.0000000000000000000 ) ) ;
#784 = DIRECTION ( 'NONE',  ( -0.4999999999999919500, 0.8660254037844432600, 0.0000000000000000000 ) ) ;
#785 = ORIENTED_EDGE ( 'NONE', *, *, #721, .T. ) ;
#786 = CARTESIAN_POINT ( 'NONE',  ( -6.399999999999999500, 7.837739514543059900E-016, 4.000000000000000000 ) ) ;
#787 = CIRCLE ( 'NONE', #1406, 9.120879120879118700 ) ;
#788 = DIRECTION ( 'NONE',  ( -1.047444401652939200E-014, -1.000000000000000000, 0.0000000000000000000 ) ) ;
#789 = CARTESIAN_POINT ( 'NONE',  ( 0.0000000000000000000, 0.0000000000000000000, 4.000000000000000000 ) ) ;
#790 = AXIS2_PLACEMENT_3D ( 'NONE', #828, #601, #761 ) ;
#791 = DIRECTION ( 'NONE',  ( -0.0000000000000000000, -0.0000000000000000000, 1.000000000000000000 ) ) ;
#792 = CARTESIAN_POINT ( 'NONE',  ( -10.00000000000000000, 1.047444401652940000E-013, -1.224646799147352500E-016 ) ) ;
#793 = ORIENTED_EDGE ( 'NONE', *, *, #190, .F. ) ;
#794 = EDGE_CURVE ( 'NONE', #1036, #1253, #868, .T. ) ;
#795 = DIRECTION ( 'NONE',  ( -1.000000000000000000, 1.224646799147353500E-016, 0.0000000000000000000 ) ) ;
#796 = EDGE_LOOP ( 'NONE', ( #1417, #785, #1230, #54 ) ) ;
#797 = CIRCLE ( 'NONE', #1522, 9.120879120879118700 ) ;
#798 = CARTESIAN_POINT ( 'NONE',  ( -10.00000000000000000, 1.047444401652940000E-013, -1.983266837131796300 ) ) ;
#799 = CARTESIAN_POINT ( 'NONE',  ( -13.99999999999999800, 1.714505518806294400E-015, 4.000000000000000000 ) ) ;
#800 = VECTOR ( 'NONE', #257, 1000.000000000000000 ) ;
#801 = APPROVAL ( #260, 'UNSPECIFIED' ) ;
#802 = VERTEX_POINT ( 'NONE', #732 ) ;
#803 = ORIENTED_EDGE ( 'NONE', *, *, #556, .T. ) ;
#804 = DIRECTION ( 'NONE',  ( -0.0000000000000000000, -0.0000000000000000000, 1.000000000000000000 ) ) ;
#805 = DIRECTION ( 'NONE',  ( -0.0000000000000000000, -0.0000000000000000000, 1.000000000000000000 ) ) ;
#806 = EDGE_CURVE ( 'NONE', #9, #1297, #1189, .T. ) ;
#807 = AXIS2_PLACEMENT_3D ( 'NONE', #1041, #559, #1360 ) ;
#808 = VERTEX_POINT ( 'NONE', #751 ) ;
#809 = VECTOR ( 'NONE', #105, 1000.000000000000000 ) ;
#810 = APPROVAL_DATE_TIME ( #1147, #1538 ) ;
#811 = EDGE_CURVE ( 'NONE', #1519, #722, #948, .T. ) ;
#812 = FACE_OUTER_BOUND ( 'NONE', #439, .T. ) ;
#813 = CARTESIAN_POINT ( 'NONE',  ( -4.999999999999889000, 8.660254037844451200, -1.983266837131796300 ) ) ;
#814 = ORIENTED_EDGE ( 'NONE', *, *, #1397, .T. ) ;
#815 = CONICAL_SURFACE ( 'NONE', #979, 6.399999999999999500, 0.7853981633974450600 ) ;
#816 = CARTESIAN_POINT ( 'NONE',  ( 0.0000000000000000000, 0.0000000000000000000, -4.000000000000000000 ) ) ;
#817 = CARTESIAN_POINT ( 'NONE',  ( 0.0000000000000000000, 13.59999999999999800, 4.000000000000000900 ) ) ;
#818 = CARTESIAN_POINT ( 'NONE',  ( 0.0000000000000000000, 0.0000000000000000000, 3.800000000000000300 ) ) ;
#819 = FACE_OUTER_BOUND ( 'NONE', #651, .T. ) ;
#820 = LINE ( 'NONE', #786, #871 ) ;
#821 = EDGE_CURVE ( 'NONE', #336, #873, #560, .T. ) ;
#822 = EDGE_LOOP ( 'NONE', ( #912, #1339, #1279, #1100 ) ) ;
#823 = FACE_OUTER_BOUND ( 'NONE', #609, .T. ) ;
#824 = EDGE_CURVE ( 'NONE', #1015, #1498, #7, .T. ) ;
#825 = CARTESIAN_POINT ( 'NONE',  ( -8.660254037844433500, -4.999999999999919200, 1.983266837131796300 ) ) ;
#826 = DIRECTION ( 'NONE',  ( 1.000000000000000000, -3.491481338843131000E-015, 0.0000000000000000000 ) ) ;
#827 = EDGE_CURVE ( 'NONE', #549, #1646, #905, .T. ) ;
#828 = CARTESIAN_POINT ( 'NONE',  ( -6.982962677686266700E-014, -10.00000000000000000, -1.224646799147352500E-016 ) ) ;
#829 = VERTEX_POINT ( 'NONE', #825 ) ;
#830 = CARTESIAN_POINT ( 'NONE',  ( -10.87912087912088000, 1.332308056215252600E-015, -3.799999999999999400 ) ) ;
#831 = AXIS2_PLACEMENT_3D ( 'NONE', #955, #947, #942 ) ;
#832 = FACE_OUTER_BOUND ( 'NONE', #702, .T. ) ;
#833 = VERTEX_POINT ( 'NONE', #1638 ) ;
#834 = CONICAL_SURFACE ( 'NONE', #156, 6.399999999999999500, 0.7853981633974450600 ) ;
#835 = ORIENTED_EDGE ( 'NONE', *, *, #332, .T. ) ;
#836 = CIRCLE ( 'NONE', #846, 1.983266837131796700 ) ;
#837 = ORIENTED_EDGE ( 'NONE', *, *, #1611, .T. ) ;
#838 = CARTESIAN_POINT ( 'NONE',  ( 0.0000000000000000000, 0.0000000000000000000, 3.799999999999999800 ) ) ;
#839 = CIRCLE ( 'NONE', #1072, 13.60000000000000000 ) ;
#840 = LINE ( 'NONE', #483, #1131 ) ;
#841 = DIRECTION ( 'NONE',  ( -0.0000000000000000000, -0.0000000000000000000, 1.000000000000000000 ) ) ;
#842 = EDGE_CURVE ( 'NONE', #1087, #890, #214, .T. ) ;
#843 = CARTESIAN_POINT ( 'NONE',  ( 0.0000000000000000000, 0.0000000000000000000, -3.035766082959412400E-015 ) ) ;
#844 = ORIENTED_EDGE ( 'NONE', *, *, #272, .T. ) ;
#845 = AXIS2_PLACEMENT_3D ( 'NONE', #992, #432, #1063 ) ;
#846 = AXIS2_PLACEMENT_3D ( 'NONE', #720, #1413, #881 ) ;
#847 = EDGE_CURVE ( 'NONE', #1244, #618, #945, .T. ) ;
#848 = EDGE_LOOP ( 'NONE', ( #949, #627, #1079, #1093 ) ) ;
#849 = LINE ( 'NONE', #171, #587 ) ;
#850 = FACE_OUTER_BOUND ( 'NONE', #922, .T. ) ;
#851 = CARTESIAN_POINT ( 'NONE',  ( 5.000000000000010700, 8.660254037844382000, 1.983266837131796300 ) ) ;
#852 = PERSON_AND_ORGANIZATION_ROLE ( 'creator' ) ;
#853 = CARTESIAN_POINT ( 'NONE',  ( 0.0000000000000000000, 0.0000000000000000000, -3.600000000000001000 ) ) ;
#854 = CARTESIAN_POINT ( 'NONE',  ( -5.000000000000071100, -8.660254037844346400, -1.224646799147352500E-016 ) ) ;
#855 = ORIENTED_EDGE ( 'NONE', *, *, #272, .F. ) ;
#856 = AXIS2_PLACEMENT_3D ( 'NONE', #316, #686, #383 ) ;
#857 = APPROVAL_PERSON_ORGANIZATION ( #1174, #1538, #1199 ) ;
#858 = EDGE_CURVE ( 'NONE', #572, #802, #1208, .T. ) ;
#859 = VECTOR ( 'NONE', #381, 1000.000000000000000 ) ;
#860 = PERSON ( 'UNSPECIFIED', 'UNSPECIFIED', 'UNSPECIFIED', ('UNSPECIFIED'), ('UNSPECIFIED'), ('UNSPECIFIED') ) ;
#861 = CARTESIAN_POINT ( 'NONE',  ( 0.0000000000000000000, 0.0000000000000000000, 4.000000000000000000 ) ) ;
#862 = LINE ( 'NONE', #205, #1219 ) ;
#863 = SPHERICAL_SURFACE ( 'NONE', #1324, 1.983266837131796300 ) ;
#864 = CLOSED_SHELL ( 'NONE', ( #1203, #717, #1422, #1129, #1228, #552, #1508, #1353, #1576, #1292, #1216, #898, #285, #886 ) ) ;
#865 = ORIENTED_EDGE ( 'NONE', *, *, #224, .F. ) ;
#866 = EDGE_CURVE ( 'NONE', #112, #899, #903, .T. ) ;
#867 = ORIENTED_EDGE ( 'NONE', *, *, #1611, .F. ) ;
#868 = LINE ( 'NONE', #712, #447 ) ;
#869 = CARTESIAN_POINT ( 'NONE',  ( 0.0000000000000000000, 0.0000000000000000000, 4.000000000000000000 ) ) ;
#870 = ADVANCED_FACE ( 'NONE', ( #1213, #1092 ), #517, .F. ) ;
#871 = VECTOR ( 'NONE', #45, 1000.000000000000000 ) ;
#872 = CARTESIAN_POINT ( 'NONE',  ( 6.399999999999999500, 0.0000000000000000000, 4.000000000000000000 ) ) ;
#873 = VERTEX_POINT ( 'NONE', #660 ) ;
#874 = CLOSED_SHELL ( 'NONE', ( #72, #294 ) ) ;
#875 = ORIENTED_EDGE ( 'NONE', *, *, #111, .F. ) ;
#876 = MANIFOLD_SOLID_BREP ( 'CirPattern1[2]', #874 ) ;
#877 = AXIS2_PLACEMENT_3D ( 'NONE', #80, #770, #43 ) ;
#878 = VERTEX_POINT ( 'NONE', #682 ) ;
#879 = AXIS2_PLACEMENT_3D ( 'NONE', #1254, #1319, #1533 ) ;
#880 = LINE ( 'NONE', #799, #941 ) ;
#881 = DIRECTION ( 'NONE',  ( -0.4999999999999948400, 0.8660254037844415900, 0.0000000000000000000 ) ) ;
#882 = CIRCLE ( 'NONE', #623, 14.00000000000000000 ) ;
#883 = EDGE_CURVE ( 'NONE', #1481, #108, #526, .T. ) ;
#884 = DIRECTION ( 'NONE',  ( -0.0000000000000000000, -0.0000000000000000000, 1.000000000000000000 ) ) ;
#885 = CIRCLE ( 'NONE', #1005, 1.983266837131796700 ) ;
#886 = ADVANCED_FACE ( 'NONE', ( #610, #819 ), #504, .F. ) ;
#887 = VECTOR ( 'NONE', #957, 999.9999999999998900 ) ;
#888 = CARTESIAN_POINT ( 'NONE',  ( 8.660254037844398000, 4.999999999999980500, 1.983266837131796300 ) ) ;
#889 = LINE ( 'NONE', #16, #984 ) ;
#890 = VERTEX_POINT ( 'NONE', #569 ) ;
#891 = FACE_OUTER_BOUND ( 'NONE', #420, .T. ) ;
#892 = EDGE_CURVE ( 'NONE', #47, #161, #144, .T. ) ;
#893 = CIRCLE ( 'NONE', #1574, 1.983266837131797000 ) ;
#894 = ORIENTED_EDGE ( 'NONE', *, *, #579, .F. ) ;
#895 = EDGE_CURVE ( 'NONE', #773, #1184, #267, .T. ) ;
#896 = FACE_OUTER_BOUND ( 'NONE', #578, .T. ) ;
#897 = ORIENTED_EDGE ( 'NONE', *, *, #847, .T. ) ;
#898 = ADVANCED_FACE ( 'NONE', ( #711 ), #107, .F. ) ;
#899 = VERTEX_POINT ( 'NONE', #695 ) ;
#900 = CARTESIAN_POINT ( 'NONE',  ( 10.87912087912087800, 0.0000000000000000000, 4.000000000000000000 ) ) ;
#901 = EDGE_LOOP ( 'NONE', ( #1601, #774, #744, #1575 ) ) ;
#902 = CIRCLE ( 'NONE', #1271, 10.87912087912087800 ) ;
#903 = CIRCLE ( 'NONE', #1255, 6.400000000000003000 ) ;
#904 = DIRECTION ( 'NONE',  ( -0.4999999999999978900, 0.8660254037844399300, 0.0000000000000000000 ) ) ;
#905 = CIRCLE ( 'NONE', #1140, 1.983266837131796100 ) ;
#906 = AXIS2_PLACEMENT_3D ( 'NONE', #767, #658, #592 ) ;
#907 = VERTEX_POINT ( 'NONE', #244 ) ;
#908 = ORIENTED_EDGE ( 'NONE', *, *, #944, .T. ) ;
#909 = ORIENTED_EDGE ( 'NONE', *, *, #892, .T. ) ;
#910 = DIRECTION ( 'NONE',  ( -1.000000000000000000, 0.0000000000000000000, -0.0000000000000000000 ) ) ;
#911 = DIRECTION ( 'NONE',  ( -0.0000000000000000000, -0.0000000000000000000, 1.000000000000000000 ) ) ;
#912 = ORIENTED_EDGE ( 'NONE', *, *, #407, .F. ) ;
#913 = CARTESIAN_POINT ( 'NONE',  ( 0.0000000000000000000, 0.0000000000000000000, -1.983266837131795400 ) ) ;
#914 = ORIENTED_EDGE ( 'NONE', *, *, #162, .T. ) ;
#915 = DIRECTION ( 'NONE',  ( -0.0000000000000000000, -0.0000000000000000000, 1.000000000000000000 ) ) ;
#916 = CC_DESIGN_APPROVAL ( #801, ( #697 ) ) ;
#917 = COORDINATED_UNIVERSAL_TIME_OFFSET ( 6, 0, .BEHIND. ) ;
#918 = CARTESIAN_POINT ( 'NONE',  ( -14.00000000000000200, 1.714505518806294800E-015, -3.600000000000001000 ) ) ;
#919 = CIRCLE ( 'NONE', #83, 9.120879120879116900 ) ;
#920 = ADVANCED_FACE ( 'NONE', ( #1101 ), #640, .T. ) ;
#921 = FACE_OUTER_BOUND ( 'NONE', #567, .T. ) ;
#922 = EDGE_LOOP ( 'NONE', ( #771, #1453, #666, #1645 ) ) ;
#923 = VECTOR ( 'NONE', #69, 1000.000000000000000 ) ;
#924 = AXIS2_PLACEMENT_3D ( 'NONE', #843, #1158, #169 ) ;
#925 = VERTEX_POINT ( 'NONE', #648 ) ;
#926 = AXIS2_PLACEMENT_3D ( 'NONE', #1434, #1506, #1510 ) ;
#927 = EDGE_CURVE ( 'NONE', #572, #595, #341, .T. ) ;
#928 = CIRCLE ( 'NONE', #1289, 1.983266837131796700 ) ;
#929 = DIRECTION ( 'NONE',  ( 1.224646799147353200E-016, 1.000000000000000000, 0.0000000000000000000 ) ) ;
#930 = DIRECTION ( 'NONE',  ( -0.7071067811865490200, 8.659560562354952600E-017, 0.7071067811865460200 ) ) ;
#931 = CIRCLE ( 'NONE', #1355, 6.000000000000000000 ) ;
#932 = DIRECTION ( 'NONE',  ( 0.4999999999999948400, -0.8660254037844415900, 0.0000000000000000000 ) ) ;
#933 = ORIENTED_EDGE ( 'NONE', *, *, #858, .T. ) ;
#934 = EDGE_LOOP ( 'NONE', ( #210, #221 ) ) ;
#935 = DIRECTION ( 'NONE',  ( -0.8660254037844381500, 0.5000000000000012200, 0.0000000000000000000 ) ) ;
#936 = VECTOR ( 'NONE', #338, 1000.000000000000000 ) ;
#937 = CARTESIAN_POINT ( 'NONE',  ( 0.0000000000000000000, 0.0000000000000000000, -3.035766082959412400E-015 ) ) ;
#938 = VERTEX_POINT ( 'NONE', #262 ) ;
#939 = EDGE_CURVE ( 'NONE', #1583, #938, #243, .T. ) ;
#940 = AXIS2_PLACEMENT_3D ( 'NONE', #501, #685, #185 ) ;
#941 = VECTOR ( 'NONE', #570, 1000.000000000000000 ) ;
#942 = DIRECTION ( 'NONE',  ( 1.000000000000000000, 0.0000000000000000000, 0.0000000000000000000 ) ) ;
#943 = CARTESIAN_POINT ( 'NONE',  ( 0.0000000000000000000, 0.0000000000000000000, 4.000000000000000000 ) ) ;
#944 = EDGE_CURVE ( 'NONE', #925, #1297, #882, .T. ) ;
#945 = LINE ( 'NONE', #121, #923 ) ;
#946 = DIRECTION ( 'NONE',  ( 1.000000000000000000, 0.0000000000000000000, 0.0000000000000000000 ) ) ;
#947 = DIRECTION ( 'NONE',  ( -0.0000000000000000000, -0.0000000000000000000, 1.000000000000000000 ) ) ;
#948 = CIRCLE ( 'NONE', #906, 1.983266837131796700 ) ;
#949 = ORIENTED_EDGE ( 'NONE', *, *, #927, .T. ) ;
#950 = CIRCLE ( 'NONE', #149, 6.399999999999999500 ) ;
#951 = FACE_OUTER_BOUND ( 'NONE', #1058, .T. ) ;
#952 = CIRCLE ( 'NONE', #1218, 9.120879120879118700 ) ;
#953 = VECTOR ( 'NONE', #1409, 1000.000000000000100 ) ;
#954 = AXIS2_PLACEMENT_3D ( 'NONE', #386, #231, #228 ) ;
#955 = CARTESIAN_POINT ( 'NONE',  ( 0.0000000000000000000, 0.0000000000000000000, 4.000000000000000000 ) ) ;
#956 = TOROIDAL_SURFACE ( 'NONE', #1448, 10.00000000000000000, 1.983266837131796300 ) ;
#957 = DIRECTION ( 'NONE',  ( -0.7071067811865487900, 0.0000000000000000000, -0.7071067811865463500 ) ) ;
#958 = EDGE_LOOP ( 'NONE', ( #266, #173 ) ) ;
#959 = DIRECTION ( 'NONE',  ( -0.0000000000000000000, -0.0000000000000000000, 1.000000000000000000 ) ) ;
#960 = VERTEX_POINT ( 'NONE', #379 ) ;
#961 = EDGE_CURVE ( 'NONE', #62, #1634, #306, .T. ) ;
#962 = ORIENTED_EDGE ( 'NONE', *, *, #1357, .F. ) ;
#963 = CARTESIAN_POINT ( 'NONE',  ( 6.399999999999999500, 0.0000000000000000000, 4.000000000000000000 ) ) ;
#964 = EDGE_LOOP ( 'NONE', ( #546, #115, #1577, #148 ) ) ;
#965 = DIRECTION ( 'NONE',  ( 1.000000000000000000, 0.0000000000000000000, 0.0000000000000000000 ) ) ;
#966 = DIRECTION ( 'NONE',  ( 0.8660254037844364900, -0.5000000000000040000, 0.0000000000000000000 ) ) ;
#967 = CIRCLE ( 'NONE', #1166, 1.983266837131796700 ) ;
#968 = DIRECTION ( 'NONE',  ( -0.0000000000000000000, -0.0000000000000000000, 1.000000000000000000 ) ) ;
#969 = AXIS2_PLACEMENT_3D ( 'NONE', #861, #705, #493 ) ;
#970 = ORIENTED_EDGE ( 'NONE', *, *, #847, .F. ) ;
#971 = DIRECTION ( 'NONE',  ( 1.000000000000000000, 0.0000000000000000000, 0.0000000000000000000 ) ) ;
#972 = EDGE_LOOP ( 'NONE', ( #1332, #993, #1135, #167 ) ) ;
#973 = DIRECTION ( 'NONE',  ( 0.7071067811865452400, 0.0000000000000000000, 0.7071067811865497900 ) ) ;
#974 = DIRECTION ( 'NONE',  ( 0.0000000000000000000, 0.0000000000000000000, -1.000000000000000000 ) ) ;
#975 = DATE_AND_TIME ( #1231, #1404 ) ;
#976 = VECTOR ( 'NONE', #1242, 1000.000000000000000 ) ;
#977 = TOROIDAL_SURFACE ( 'NONE', #1632, 9.999999999999991100, 1.983266837131793600 ) ;
#978 = DIRECTION ( 'NONE',  ( 1.000000000000000000, 0.0000000000000000000, 0.0000000000000000000 ) ) ;
#979 = AXIS2_PLACEMENT_3D ( 'NONE', #464, #414, #401 ) ;
#980 = EDGE_CURVE ( 'NONE', #595, #736, #1162, .T. ) ;
#981 = ORIENTED_EDGE ( 'NONE', *, *, #332, .F. ) ;
#982 = CARTESIAN_POINT ( 'NONE',  ( -6.399999999999999500, 7.837739514543059900E-016, 4.000000000000000000 ) ) ;
#983 = ORIENTED_EDGE ( 'NONE', *, *, #1067, .T. ) ;
#984 = VECTOR ( 'NONE', #805, 1000.000000000000000 ) ;
#985 = CARTESIAN_POINT ( 'NONE',  ( 10.87912087912087800, 0.0000000000000000000, -1.777777777777777500 ) ) ;
#986 = DIRECTION ( 'NONE',  ( 1.000000000000000000, 0.0000000000000000000, 0.0000000000000000000 ) ) ;
#987 = AXIS2_PLACEMENT_3D ( 'NONE', #1080, #974, #421 ) ;
#988 = ORIENTED_EDGE ( 'NONE', *, *, #1268, .F. ) ;
#989 = DIRECTION ( 'NONE',  ( -0.0000000000000000000, -0.0000000000000000000, 1.000000000000000000 ) ) ;
#990 = SPHERICAL_SURFACE ( 'NONE', #1466, 1.983266837131796300 ) ;
#991 = FACE_OUTER_BOUND ( 'NONE', #1408, .T. ) ;
#992 = CARTESIAN_POINT ( 'NONE',  ( 10.00000000000000000, -3.491481338843133400E-014, -1.224646799147352500E-016 ) ) ;
#993 = ORIENTED_EDGE ( 'NONE', *, *, #1288, .T. ) ;
#994 = CYLINDRICAL_SURFACE ( 'NONE', #745, 10.87912087912087800 ) ;
#995 = DIRECTION ( 'NONE',  ( 1.000000000000000000, 0.0000000000000000000, 0.0000000000000000000 ) ) ;
#996 = AXIS2_PLACEMENT_3D ( 'NONE', #451, #574, #1029 ) ;
#997 = DIRECTION ( 'NONE',  ( 1.000000000000000000, 0.0000000000000000000, 0.0000000000000000000 ) ) ;
#998 = EDGE_LOOP ( 'NONE', ( #630, #372, #59, #672 ) ) ;
#999 = CARTESIAN_POINT ( 'NONE',  ( 4.999999999999949400, -8.660254037844415700, 1.983266837131796300 ) ) ;
#1000 = AXIS2_PLACEMENT_3D ( 'NONE', #633, #680, #728 ) ;
#1001 = DIRECTION ( 'NONE',  ( 1.000000000000000000, 0.0000000000000000000, 0.0000000000000000000 ) ) ;
#1002 = PERSON_AND_ORGANIZATION ( #860, #741 ) ;
#1003 = CIRCLE ( 'NONE', #1010, 1.983266837131793600 ) ;
#1004 = SECURITY_CLASSIFICATION_LEVEL ( 'unclassified' ) ;
#1005 = AXIS2_PLACEMENT_3D ( 'NONE', #494, #769, #201 ) ;
#1006 = EDGE_LOOP ( 'NONE', ( #1082, #367, #1068, #1 ) ) ;
#1007 = CC_DESIGN_PERSON_AND_ORGANIZATION_ASSIGNMENT ( #1034, #477, ( #697 ) ) ;
#1008 = CIRCLE ( 'NONE', #357, 1.983266837131796300 ) ;
#1009 = ORIENTED_EDGE ( 'NONE', *, *, #544, .T. ) ;
#1010 = AXIS2_PLACEMENT_3D ( 'NONE', #1437, #929, #1513 ) ;
#1011 = CARTESIAN_POINT ( 'NONE',  ( 13.99999999999999800, 1.714505518806294400E-015, 3.600000000000001400 ) ) ;
#1012 = EDGE_CURVE ( 'NONE', #1136, #1605, #1090, .T. ) ;
#1013 = CARTESIAN_POINT ( 'NONE',  ( 0.0000000000000000000, 0.0000000000000000000, -3.799999999999999400 ) ) ;
#1014 = ADVANCED_FACE ( 'NONE', ( #256 ), #1365, .T. ) ;
#1015 = VERTEX_POINT ( 'NONE', #20 ) ;
#1016 = DIRECTION ( 'NONE',  ( -0.0000000000000000000, -0.0000000000000000000, 1.000000000000000000 ) ) ;
#1017 = EDGE_LOOP ( 'NONE', ( #1462, #178, #1064, #412 ) ) ;
#1018 = CARTESIAN_POINT ( 'NONE',  ( -5.000000000000071100, -8.660254037844346400, -1.983266837131796300 ) ) ;
#1019 = CIRCLE ( 'NONE', #1330, 10.87912087912087800 ) ;
#1020 = ADVANCED_FACE ( 'NONE', ( #1178 ), #669, .F. ) ;
#1021 = LINE ( 'NONE', #17, #953 ) ;
#1022 = MANIFOLD_SOLID_BREP ( 'Revolve4', #424 ) ;
#1023 = VERTEX_POINT ( 'NONE', #1639 ) ;
#1024 = VERTEX_POINT ( 'NONE', #527 ) ;
#1025 = AXIS2_PLACEMENT_3D ( 'NONE', #792, #788, #46 ) ;
#1026 = ORIENTED_EDGE ( 'NONE', *, *, #330, .T. ) ;
#1027 = ADVANCED_FACE ( 'NONE', ( #376 ), #815, .F. ) ;
#1028 = DIRECTION ( 'NONE',  ( -0.0000000000000000000, -0.0000000000000000000, 1.000000000000000000 ) ) ;
#1029 = DIRECTION ( 'NONE',  ( 1.000000000000000000, 0.0000000000000000000, 0.0000000000000000000 ) ) ;
#1030 = EDGE_CURVE ( 'NONE', #1297, #925, #1154, .T. ) ;
#1031 = DIRECTION ( 'NONE',  ( -0.0000000000000000000, -0.0000000000000000000, 1.000000000000000000 ) ) ;
#1032 = ORIENTED_EDGE ( 'NONE', *, *, #1207, .T. ) ;
#1033 = PLANE ( 'NONE',  #425 ) ;
#1034 = PERSON_AND_ORGANIZATION ( #860, #741 ) ;
#1035 = EDGE_CURVE ( 'NONE', #1634, #62, #353, .T. ) ;
#1036 = VERTEX_POINT ( 'NONE', #830 ) ;
#1037 = AXIS2_PLACEMENT_3D ( 'NONE', #533, #1352, #735 ) ;
#1038 = DIRECTION ( 'NONE',  ( -0.0000000000000000000, -0.0000000000000000000, 1.000000000000000000 ) ) ;
#1039 = CIRCLE ( 'NONE', #1085, 1.983266837131797000 ) ;
#1040 = EDGE_CURVE ( 'NONE', #1615, #1627, #12, .T. ) ;
#1041 = CARTESIAN_POINT ( 'NONE',  ( 0.0000000000000000000, 13.60000000000000000, -4.000000000000000900 ) ) ;
#1042 = ORIENTED_EDGE ( 'NONE', *, *, #104, .F. ) ;
#1043 = ADVANCED_FACE ( 'NONE', ( #1540 ), #863, .T. ) ;
#1044 = CARTESIAN_POINT ( 'NONE',  ( -10.00000000000000000, 1.224646799147353300E-015, -1.224646799147352500E-016 ) ) ;
#1045 = ORIENTED_EDGE ( 'NONE', *, *, #719, .F. ) ;
#1046 = SPHERICAL_SURFACE ( 'NONE', #591, 1.983266837131796300 ) ;
#1047 = CARTESIAN_POINT ( 'NONE',  ( -8.660254037844433500, -4.999999999999919200, -1.224646799147352500E-016 ) ) ;
#1048 = AXIS2_PLACEMENT_3D ( 'NONE', #699, #143, #1642 ) ;
#1049 = ORIENTED_EDGE ( 'NONE', *, *, #1077, .F. ) ;
#1050 = EDGE_CURVE ( 'NONE', #141, #899, #1343, .T. ) ;
#1051 = ORIENTED_EDGE ( 'NONE', *, *, #961, .T. ) ;
#1052 = DIRECTION ( 'NONE',  ( 0.0000000000000000000, -1.000000000000000000, 0.0000000000000000000 ) ) ;
#1053 = DIRECTION ( 'NONE',  ( 0.0000000000000000000, 0.0000000000000000000, -1.000000000000000000 ) ) ;
#1054 = ORIENTED_EDGE ( 'NONE', *, *, #515, .T. ) ;
#1055 = ORIENTED_EDGE ( 'NONE', *, *, #579, .T. ) ;
#1056 = CARTESIAN_POINT ( 'NONE',  ( 0.0000000000000000000, 0.0000000000000000000, 3.599999999999998300 ) ) ;
#1057 = FACE_OUTER_BOUND ( 'NONE', #1163, .T. ) ;
#1058 = EDGE_LOOP ( 'NONE', ( #122, #462 ) ) ;
#1059 = CIRCLE ( 'NONE', #1585, 1.983266837131797000 ) ;
#1060 = CIRCLE ( 'NONE', #454, 13.99999999999999800 ) ;
#1061 = ORIENTED_EDGE ( 'NONE', *, *, #715, .T. ) ;
#1062 = ORIENTED_EDGE ( 'NONE', *, *, #162, .F. ) ;
#1063 = DIRECTION ( 'NONE',  ( 1.000000000000000000, -3.491481338843131000E-015, 0.0000000000000000000 ) ) ;
#1064 = ORIENTED_EDGE ( 'NONE', *, *, #944, .F. ) ;
#1065 = AXIS2_PLACEMENT_3D ( 'NONE', #1013, #959, #1300 ) ;
#1066 = EDGE_LOOP ( 'NONE', ( #1492, #453 ) ) ;
#1067 = EDGE_CURVE ( 'NONE', #1015, #62, #1518, .T. ) ;
#1068 = ORIENTED_EDGE ( 'NONE', *, *, #440, .T. ) ;
#1069 = CARTESIAN_POINT ( 'NONE',  ( 0.0000000000000000000, 0.0000000000000000000, -1.983266837131795400 ) ) ;
#1070 = COORDINATED_UNIVERSAL_TIME_OFFSET ( 6, 0, .BEHIND. ) ;
#1071 = FACE_OUTER_BOUND ( 'NONE', #1459, .T. ) ;
#1072 = AXIS2_PLACEMENT_3D ( 'NONE', #88, #589, #58 ) ;
#1073 = DIRECTION ( 'NONE',  ( 0.4999999999999921200, -0.8660254037844431500, 0.0000000000000000000 ) ) ;
#1074 = AXIS2_PLACEMENT_3D ( 'NONE', #26, #5, #40 ) ;
#1075 = CIRCLE ( 'NONE', #831, 6.399999999999999500 ) ;
#1076 = DIRECTION ( 'NONE',  ( -6.982962677686262000E-015, -1.000000000000000000, 0.0000000000000000000 ) ) ;
#1077 = EDGE_CURVE ( 'NONE', #444, #1209, #1122, .T. ) ;
#1078 = ORIENTED_EDGE ( 'NONE', *, *, #1012, .F. ) ;
#1079 = ORIENTED_EDGE ( 'NONE', *, *, #746, .F. ) ;
#1080 = CARTESIAN_POINT ( 'NONE',  ( 0.0000000000000000000, 9.120879120879118700, 4.000000000000000000 ) ) ;
#1081 = EDGE_LOOP ( 'NONE', ( #1205, #1054 ) ) ;
#1082 = ORIENTED_EDGE ( 'NONE', *, *, #794, .F. ) ;
#1083 = CC_DESIGN_DATE_AND_TIME_ASSIGNMENT ( #1256, #1337, ( #697 ) ) ;
#1084 = ORIENTED_EDGE ( 'NONE', *, *, #11, .F. ) ;
#1085 = AXIS2_PLACEMENT_3D ( 'NONE', #1155, #120, #1240 ) ;
#1086 = EDGE_CURVE ( 'NONE', #47, #161, #286, .T. ) ;
#1087 = VERTEX_POINT ( 'NONE', #446 ) ;
#1088 = EDGE_CURVE ( 'NONE', #534, #604, #1310, .T. ) ;
#1089 = FACE_BOUND ( 'NONE', #279, .T. ) ;
#1090 = LINE ( 'NONE', #900, #311 ) ;
#1091 = CIRCLE ( 'NONE', #1424, 9.120879120879118700 ) ;
#1092 = FACE_BOUND ( 'NONE', #1532, .T. ) ;
#1093 = ORIENTED_EDGE ( 'NONE', *, *, #858, .F. ) ;
#1094 = EDGE_CURVE ( 'NONE', #329, #1102, #1091, .T. ) ;
#1095 = SPHERICAL_SURFACE ( 'NONE', #1025, 1.983266837131796300 ) ;
#1096 = DIRECTION ( 'NONE',  ( 0.8660254037844344900, -0.5000000000000069900, 0.0000000000000000000 ) ) ;
#1097 = AXIS2_PLACEMENT_3D ( 'NONE', #197, #192, #181 ) ;
#1098 = CARTESIAN_POINT ( 'NONE',  ( 10.87912087912087800, 0.0000000000000000000, 4.000000000000000900 ) ) ;
#1099 = EDGE_CURVE ( 'NONE', #248, #618, #217, .T. ) ;
#1100 = ORIENTED_EDGE ( 'NONE', *, *, #238, .T. ) ;
#1101 = FACE_OUTER_BOUND ( 'NONE', #25, .T. ) ;
#1102 = VERTEX_POINT ( 'NONE', #358 ) ;
#1103 = DIRECTION ( 'NONE',  ( 1.000000000000000000, -6.982962677686262000E-015, 0.0000000000000000000 ) ) ;
#1104 = CIRCLE ( 'NONE', #1509, 1.983266837131796700 ) ;
#1105 = ORIENTED_EDGE ( 'NONE', *, *, #895, .T. ) ;
#1106 = CLOSED_SHELL ( 'NONE', ( #1433, #541 ) ) ;
#1107 = PERSON_AND_ORGANIZATION_ROLE ( 'design_owner' ) ;
#1108 = AXIS2_PLACEMENT_3D ( 'NONE', #869, #1566, #503 ) ;
#1109 = DIRECTION ( 'NONE',  ( 1.000000000000000000, 0.0000000000000000000, 0.0000000000000000000 ) ) ;
#1110 = ORIENTED_EDGE ( 'NONE', *, *, #11, .T. ) ;
#1111 = VERTEX_POINT ( 'NONE', #63 ) ;
#1112 = DATE_TIME_ROLE ( 'classification_date' ) ;
#1113 = CARTESIAN_POINT ( 'NONE',  ( -6.982962677686266700E-014, -10.00000000000000000, -1.224646799147352500E-016 ) ) ;
#1114 = ORIENTED_EDGE ( 'NONE', *, *, #1099, .T. ) ;
#1115 = CARTESIAN_POINT ( 'NONE',  ( -9.120879120879118700, 1.116985542079454000E-015, 4.000000000000000000 ) ) ;
#1116 = AXIS2_PLACEMENT_3D ( 'NONE', #188, #428, #677 ) ;
#1117 = CARTESIAN_POINT ( 'NONE',  ( 10.87912087912087800, 0.0000000000000000000, 3.800000000000000300 ) ) ;
#1118 = ADVANCED_FACE ( 'NONE', ( #132 ), #655, .T. ) ;
#1119 = DIRECTION ( 'NONE',  ( 1.000000000000000000, -1.059690869644413400E-014, 0.0000000000000000000 ) ) ;
#1120 = FACE_OUTER_BOUND ( 'NONE', #1420, .T. ) ;
#1121 = EDGE_CURVE ( 'NONE', #1583, #938, #1059, .T. ) ;
#1122 = LINE ( 'NONE', #531, #1490 ) ;
#1123 = VERTEX_POINT ( 'NONE', #179 ) ;
#1124 = ORIENTED_EDGE ( 'NONE', *, *, #330, .F. ) ;
#1125 = ADVANCED_FACE ( 'NONE', ( #1287 ), #1267, .T. ) ;
#1126 = AXIS2_PLACEMENT_3D ( 'NONE', #478, #422, #710 ) ;
#1127 = AXIS2_PLACEMENT_3D ( 'NONE', #1617, #804, #622 ) ;
#1128 = DIRECTION ( 'NONE',  ( -0.0000000000000000000, -0.0000000000000000000, 1.000000000000000000 ) ) ;
#1129 = ADVANCED_FACE ( 'NONE', ( #1465 ), #1419, .T. ) ;
#1130 = DIRECTION ( 'NONE',  ( -1.059690869644413500E-014, -1.000000000000000000, 0.0000000000000000000 ) ) ;
#1131 = VECTOR ( 'NONE', #1031, 1000.000000000000000 ) ;
#1132 = CYLINDRICAL_SURFACE ( 'NONE', #1277, 13.99999999999999800 ) ;
#1133 = EDGE_LOOP ( 'NONE', ( #226, #914 ) ) ;
#1134 = ADVANCED_FACE ( 'NONE', ( #718 ), #585, .T. ) ;
#1135 = ORIENTED_EDGE ( 'NONE', *, *, #1077, .T. ) ;
#1136 = VERTEX_POINT ( 'NONE', #480 ) ;
#1137 = CARTESIAN_POINT ( 'NONE',  ( 0.0000000000000000000, 0.0000000000000000000, -3.278646221354267100E-015 ) ) ;
#1138 = SPHERICAL_SURFACE ( 'NONE', #303, 1.983266837131796300 ) ;
#1139 = AXIS2_PLACEMENT_3D ( 'NONE', #57, #23, #2 ) ;
#1140 = AXIS2_PLACEMENT_3D ( 'NONE', #1557, #36, #126 ) ;
#1141 = CARTESIAN_POINT ( 'NONE',  ( -10.00000000000000000, 1.047444401652940000E-013, -1.224646799147352500E-016 ) ) ;
#1142 = PLANE ( 'NONE',  #807 ) ;
#1143 = ADVANCED_FACE ( 'NONE', ( #1441 ), #994, .T. ) ;
#1144 = EDGE_LOOP ( 'NONE', ( #1045, #1568, #1356, #1425 ) ) ;
#1145 = PRODUCT_DEFINITION_FORMATION_WITH_SPECIFIED_SOURCE ( 'ANY', '', #1488, .NOT_KNOWN. ) ;
#1146 = CARTESIAN_POINT ( 'NONE',  ( 0.0000000000000000000, 0.0000000000000000000, -3.600000000000001000 ) ) ;
#1147 = DATE_AND_TIME ( #1341, #1536 ) ;
#1148 = EDGE_LOOP ( 'NONE', ( #1609, #626 ) ) ;
#1149 = CIRCLE ( 'NONE', #1097, 10.87912087912087800 ) ;
#1150 = ADVANCED_FACE ( 'NONE', ( #1631 ), #52, .T. ) ;
#1151 = ORIENTED_EDGE ( 'NONE', *, *, #297, .F. ) ;
#1152 = AXIS2_PLACEMENT_3D ( 'NONE', #576, #1369, #766 ) ;
#1153 = SPHERICAL_SURFACE ( 'NONE', #41, 1.983266837131796300 ) ;
#1154 = CIRCLE ( 'NONE', #1116, 14.00000000000000000 ) ;
#1155 = CARTESIAN_POINT ( 'NONE',  ( 10.00000000000000000, -3.491481338843133400E-014, -1.224646799147352500E-016 ) ) ;
#1156 = EDGE_CURVE ( 'NONE', #329, #534, #1248, .T. ) ;
#1157 = ORIENTED_EDGE ( 'NONE', *, *, #1094, .T. ) ;
#1158 = DIRECTION ( 'NONE',  ( -0.0000000000000000000, -0.0000000000000000000, 1.000000000000000000 ) ) ;
#1159 = CARTESIAN_POINT ( 'NONE',  ( 0.0000000000000000000, 0.0000000000000000000, 4.000000000000000000 ) ) ;
#1160 = AXIS2_PLACEMENT_3D ( 'NONE', #394, #884, #537 ) ;
#1161 = EDGE_LOOP ( 'NONE', ( #875, #529, #1316, #597 ) ) ;
#1162 = LINE ( 'NONE', #151, #809 ) ;
#1163 = EDGE_LOOP ( 'NONE', ( #14, #1110, #1114, #970 ) ) ;
#1164 = VERTEX_POINT ( 'NONE', #275 ) ;
#1165 = DIRECTION ( 'NONE',  ( -1.000000000000000000, 0.0000000000000000000, 0.0000000000000000000 ) ) ;
#1166 = AXIS2_PLACEMENT_3D ( 'NONE', #165, #164, #160 ) ;
#1167 = SHAPE_DEFINITION_REPRESENTATION ( #1311, #82 ) ;
#1168 = CYLINDRICAL_SURFACE ( 'NONE', #1108, 10.87912087912088000 ) ;
#1169 = LINE ( 'NONE', #611, #125 ) ;
#1170 = DIRECTION ( 'NONE',  ( 1.000000000000000000, 0.0000000000000000000, 0.0000000000000000000 ) ) ;
#1171 = AXIS2_PLACEMENT_3D ( 'NONE', #1489, #1567, #1412 ) ;
#1172 = LINE ( 'NONE', #119, #545 ) ;
#1173 = ORIENTED_EDGE ( 'NONE', *, *, #721, .F. ) ;
#1174 = PERSON_AND_ORGANIZATION ( #860, #741 ) ;
#1175 = CIRCLE ( 'NONE', #1344, 9.120879120879118700 ) ;
#1176 = DIRECTION ( 'NONE',  ( -1.000000000000000000, 0.0000000000000000000, -0.0000000000000000000 ) ) ;
#1177 = AXIS2_PLACEMENT_3D ( 'NONE', #387, #411, #419 ) ;
#1178 = FACE_OUTER_BOUND ( 'NONE', #901, .T. ) ;
#1179 = CARTESIAN_POINT ( 'NONE',  ( 8.660254037844366000, -5.000000000000040900, -1.224646799147352500E-016 ) ) ;
#1180 = CARTESIAN_POINT ( 'NONE',  ( 0.0000000000000000000, 0.0000000000000000000, -4.000000000000000000 ) ) ;
#1181 = AXIS2_PLACEMENT_3D ( 'NONE', #8, #488, #535 ) ;
#1182 = AXIS2_PLACEMENT_3D ( 'NONE', #1322, #1622, #1176 ) ;
#1183 = CARTESIAN_POINT ( 'NONE',  ( -5.000000000000071100, -8.660254037844346400, -1.224646799147352500E-016 ) ) ;
#1184 = VERTEX_POINT ( 'NONE', #1282 ) ;
#1185 = CONICAL_SURFACE ( 'NONE', #1421, 13.60000000000000000, 0.7853981633974505000 ) ;
#1186 = SPHERICAL_SURFACE ( 'NONE', #606, 1.983266837131796300 ) ;
#1187 = CARTESIAN_POINT ( 'NONE',  ( -10.87912087912087800, 1.332308056215252400E-015, -1.777777777777777500 ) ) ;
#1188 = FACE_OUTER_BOUND ( 'NONE', #388, .T. ) ;
#1189 = LINE ( 'NONE', #739, #230 ) ;
#1190 = CYLINDRICAL_SURFACE ( 'NONE', #1000, 9.120879120879118700 ) ;
#1191 = AXIS2_PLACEMENT_3D ( 'NONE', #183, #293, #86 ) ;
#1192 = CLOSED_SHELL ( 'NONE', ( #37, #738, #343, #1586, #1499, #309 ) ) ;
#1193 = APPLICATION_PROTOCOL_DEFINITION ( 'international standard', 'config_control_design', 1994, #1644 ) ;
#1194 = EDGE_CURVE ( 'NONE', #615, #925, #1021, .T. ) ;
#1195 = DIRECTION ( 'NONE',  ( -1.047444401652939200E-014, -1.000000000000000000, 0.0000000000000000000 ) ) ;
#1196 = MANIFOLD_SOLID_BREP ( 'Revolve3', #1232 ) ;
#1197 = EDGE_LOOP ( 'NONE', ( #27, #706 ) ) ;
#1198 = PERSON_AND_ORGANIZATION ( #860, #741 ) ;
#1199 = APPROVAL_ROLE ( '' ) ;
#1200 = EDGE_LOOP ( 'NONE', ( #152, #200, #1494, #1049 ) ) ;
#1201 = CIRCLE ( 'NONE', #1260, 1.983266837131793600 ) ;
#1202 = APPROVAL ( #694, 'UNSPECIFIED' ) ;
#1203 = ADVANCED_FACE ( 'NONE', ( #525 ), #1380, .F. ) ;
#1204 = AXIS2_PLACEMENT_3D ( 'NONE', #361, #1053, #1308 ) ;
#1205 = ORIENTED_EDGE ( 'NONE', *, *, #607, .F. ) ;
#1206 = CARTESIAN_POINT ( 'NONE',  ( -4.999999999999889000, 8.660254037844451200, -1.224646799147352500E-016 ) ) ;
#1207 = EDGE_CURVE ( 'NONE', #773, #1627, #1580, .T. ) ;
#1208 = LINE ( 'NONE', #90, #1630 ) ;
#1209 = VERTEX_POINT ( 'NONE', #1117 ) ;
#1210 = DIRECTION ( 'NONE',  ( -0.0000000000000000000, -0.0000000000000000000, 1.000000000000000000 ) ) ;
#1211 = ORIENTED_EDGE ( 'NONE', *, *, #1357, .T. ) ;
#1212 = ADVANCED_FACE ( 'NONE', ( #1398 ), #1186, .T. ) ;
#1213 = FACE_OUTER_BOUND ( 'NONE', #934, .T. ) ;
#1214 = CARTESIAN_POINT ( 'NONE',  ( 0.0000000000000000000, 0.0000000000000000000, 4.000000000000000000 ) ) ;
#1215 = SPHERICAL_SURFACE ( 'NONE', #1633, 1.983266837131796300 ) ;
#1216 = ADVANCED_FACE ( 'NONE', ( #1549 ), #1168, .F. ) ;
#1217 = VECTOR ( 'NONE', #1483, 999.9999999999998900 ) ;
#1218 = AXIS2_PLACEMENT_3D ( 'NONE', #140, #139, #136 ) ;
#1219 = VECTOR ( 'NONE', #1038, 1000.000000000000000 ) ;
#1220 = MANIFOLD_SOLID_BREP ( 'Revolve5[2]', #1192 ) ;
#1221 = ADVANCED_FACE ( 'NONE', ( #393 ), #315, .T. ) ;
#1222 = ORIENTED_EDGE ( 'NONE', *, *, #297, .T. ) ;
#1223 = EDGE_CURVE ( 'NONE', #1024, #727, #836, .T. ) ;
#1224 = EDGE_LOOP ( 'NONE', ( #431, #1374, #782, #855 ) ) ;
#1225 = ORIENTED_EDGE ( 'NONE', *, *, #1121, .T. ) ;
#1226 = CIRCLE ( 'NONE', #768, 1.983266837131797000 ) ;
#1227 = DIRECTION ( 'NONE',  ( 1.000000000000000000, 0.0000000000000000000, 0.0000000000000000000 ) ) ;
#1228 = ADVANCED_FACE ( 'NONE', ( #891 ), #1132, .T. ) ;
#1229 = AXIS2_PLACEMENT_3D ( 'NONE', #299, #1291, #523 ) ;
#1230 = ORIENTED_EDGE ( 'NONE', *, *, #489, .T. ) ;
#1231 = CALENDAR_DATE ( 2017, 30, 6 ) ;
#1232 = CLOSED_SHELL ( 'NONE', ( #1020, #1348, #1027, #1496, #1346, #1221, #513, #1014, #1491, #1125, #102, #1118, #729, #1304, #1484, #1592 ) ) ;
#1233 = CARTESIAN_POINT ( 'NONE',  ( 0.0000000000000000000, 0.0000000000000000000, 1.983266837131796300 ) ) ;
#1234 = EDGE_CURVE ( 'NONE', #878, #1023, #1334, .T. ) ;
#1235 = TOROIDAL_SURFACE ( 'NONE', #1306, 9.999999999999991100, 1.983266837131793600 ) ;
#1236 = CARTESIAN_POINT ( 'NONE',  ( 8.660254037844398000, 4.999999999999980500, -1.224646799147352500E-016 ) ) ;
#1237 = ADVANCED_FACE ( 'NONE', ( #1524 ), #1500, .T. ) ;
#1238 = AXIS2_PLACEMENT_3D ( 'NONE', #603, #1313, #643 ) ;
#1239 = EDGE_CURVE ( 'NONE', #620, #878, #249, .T. ) ;
#1240 = DIRECTION ( 'NONE',  ( 1.000000000000000000, -3.491481338843131000E-015, 0.0000000000000000000 ) ) ;
#1241 = ORIENTED_EDGE ( 'NONE', *, *, #842, .F. ) ;
#1242 = DIRECTION ( 'NONE',  ( -0.0000000000000000000, -0.0000000000000000000, 1.000000000000000000 ) ) ;
#1243 = DIRECTION ( 'NONE',  ( -0.0000000000000000000, -0.0000000000000000000, 1.000000000000000000 ) ) ;
#1244 = VERTEX_POINT ( 'NONE', #1495 ) ;
#1245 = ORIENTED_EDGE ( 'NONE', *, *, #159, .F. ) ;
#1246 = AXIS2_PLACEMENT_3D ( 'NONE', #1263, #438, #1327 ) ;
#1247 = CIRCLE ( 'NONE', #1375, 9.120879120879118700 ) ;
#1248 = LINE ( 'NONE', #1115, #1603 ) ;
#1249 = DIRECTION ( 'NONE',  ( -0.0000000000000000000, -0.0000000000000000000, 1.000000000000000000 ) ) ;
#1250 = EDGE_CURVE ( 'NONE', #833, #776, #457, .T. ) ;
#1251 = DIRECTION ( 'NONE',  ( -0.0000000000000000000, -0.0000000000000000000, 1.000000000000000000 ) ) ;
#1252 = EDGE_CURVE ( 'NONE', #604, #534, #787, .T. ) ;
#1253 = VERTEX_POINT ( 'NONE', #1349 ) ;
#1254 = CARTESIAN_POINT ( 'NONE',  ( 0.0000000000000000000, 0.0000000000000000000, 4.000000000000000000 ) ) ;
#1255 = AXIS2_PLACEMENT_3D ( 'NONE', #616, #621, #619 ) ;
#1256 = DATE_AND_TIME ( #1428, #1643 ) ;
#1257 = FACE_OUTER_BOUND ( 'NONE', #1606, .T. ) ;
#1258 = CC_DESIGN_APPROVAL ( #1202, ( #1145 ) ) ;
#1259 = CARTESIAN_POINT ( 'NONE',  ( 0.0000000000000000000, 0.0000000000000000000, 3.600000000000001400 ) ) ;
#1260 = AXIS2_PLACEMENT_3D ( 'NONE', #1376, #778, #1445 ) ;
#1261 = ORIENTED_EDGE ( 'NONE', *, *, #562, .F. ) ;
#1262 = EDGE_CURVE ( 'NONE', #833, #776, #1317, .T. ) ;
#1263 = CARTESIAN_POINT ( 'NONE',  ( 0.0000000000000000000, 0.0000000000000000000, -1.983266837131795400 ) ) ;
#1264 = SPHERICAL_SURFACE ( 'NONE', #1468, 1.983266837131796300 ) ;
#1265 = DIRECTION ( 'NONE',  ( 1.000000000000000000, 0.0000000000000000000, 0.0000000000000000000 ) ) ;
#1266 = MANIFOLD_SOLID_BREP ( 'Revolve1', #864 ) ;
#1267 = CYLINDRICAL_SURFACE ( 'NONE', #327, 9.120879120879118700 ) ;
#1268 = EDGE_CURVE ( 'NONE', #1411, #234, #1104, .T. ) ;
#1269 = DIRECTION ( 'NONE',  ( -0.5000000000000071100, -0.8660254037844347100, 0.0000000000000000000 ) ) ;
#1270 = ORIENTED_EDGE ( 'NONE', *, *, #811, .T. ) ;
#1271 = AXIS2_PLACEMENT_3D ( 'NONE', #78, #968, #965 ) ;
#1272 = EDGE_CURVE ( 'NONE', #1023, #960, #743, .T. ) ;
#1273 = CARTESIAN_POINT ( 'NONE',  ( 0.0000000000000000000, 0.0000000000000000000, 0.0000000000000000000 ) ) ;
#1274 = APPROVAL_DATE_TIME ( #1451, #801 ) ;
#1275 = FACE_OUTER_BOUND ( 'NONE', #351, .T. ) ;
#1276 = APPROVAL_ROLE ( '' ) ;
#1277 = AXIS2_PLACEMENT_3D ( 'NONE', #512, #1210, #1347 ) ;
#1278 = CARTESIAN_POINT ( 'NONE',  ( 0.0000000000000000000, 0.0000000000000000000, 4.000000000000000000 ) ) ;
#1279 = ORIENTED_EDGE ( 'NONE', *, *, #1012, .T. ) ;
#1280 = EDGE_CURVE ( 'NONE', #1498, #1015, #175, .T. ) ;
#1281 = CYLINDRICAL_SURFACE ( 'NONE', #406, 9.120879120879118700 ) ;
#1282 = CARTESIAN_POINT ( 'NONE',  ( -13.59999999999999800, 0.0000000000000000000, 4.000000000000000900 ) ) ;
#1283 = AXIS2_PLACEMENT_3D ( 'NONE', #632, #204, #403 ) ;
#1284 = ORIENTED_EDGE ( 'NONE', *, *, #1262, .F. ) ;
#1285 = ADVANCED_FACE ( 'NONE', ( #1354, #1475 ), #1033, .F. ) ;
#1286 = CIRCLE ( 'NONE', #1246, 10.87912087912088000 ) ;
#1287 = FACE_OUTER_BOUND ( 'NONE', #796, .T. ) ;
#1288 = EDGE_CURVE ( 'NONE', #1596, #444, #692, .T. ) ;
#1289 = AXIS2_PLACEMENT_3D ( 'NONE', #701, #524, #932 ) ;
#1290 = AXIS2_PLACEMENT_3D ( 'NONE', #635, #1323, #1461 ) ;
#1291 = DIRECTION ( 'NONE',  ( 1.224646799147353200E-016, 1.000000000000000000, 0.0000000000000000000 ) ) ;
#1292 = ADVANCED_FACE ( 'NONE', ( #1296, #1452 ), #1142, .F. ) ;
#1293 = ADVANCED_FACE ( 'NONE', ( #1071 ), #91, .T. ) ;
#1294 = DIRECTION ( 'NONE',  ( -0.5000000000000103300, -0.8660254037844329300, 0.0000000000000000000 ) ) ;
#1295 = APPROVAL_PERSON_ORGANIZATION ( #1474, #801, #1276 ) ;
#1296 = FACE_OUTER_BOUND ( 'NONE', #1363, .T. ) ;
#1297 = VERTEX_POINT ( 'NONE', #918 ) ;
#1298 = CARTESIAN_POINT ( 'NONE',  ( 0.0000000000000000000, 10.87912087912087800, 3.800000000000000300 ) ) ;
#1299 = ORIENTED_EDGE ( 'NONE', *, *, #824, .T. ) ;
#1300 = DIRECTION ( 'NONE',  ( 1.000000000000000000, 0.0000000000000000000, 0.0000000000000000000 ) ) ;
#1301 = DIRECTION ( 'NONE',  ( 1.000000000000000000, 0.0000000000000000000, 0.0000000000000000000 ) ) ;
#1302 = ORIENTED_EDGE ( 'NONE', *, *, #704, .T. ) ;
#1303 = MANIFOLD_SOLID_BREP ( 'CirPattern1[6]', #1594 ) ;
#1304 = ADVANCED_FACE ( 'NONE', ( #613 ), #553, .F. ) ;
#1305 = CC_DESIGN_PERSON_AND_ORGANIZATION_ASSIGNMENT ( #1589, #852, ( #1145 ) ) ;
#1306 = AXIS2_PLACEMENT_3D ( 'NONE', #937, #348, #1599 ) ;
#1307 = EDGE_CURVE ( 'NONE', #1023, #736, #1003, .T. ) ;
#1308 = DIRECTION ( 'NONE',  ( -1.000000000000000000, 0.0000000000000000000, 0.0000000000000000000 ) ) ;
#1309 = FACE_OUTER_BOUND ( 'NONE', #958, .T. ) ;
#1310 = CIRCLE ( 'NONE', #1366, 9.120879120879118700 ) ;
#1311 = PRODUCT_DEFINITION_SHAPE ( 'NONE', 'NONE',  #697 ) ;
#1312 = CARTESIAN_POINT ( 'NONE',  ( 0.0000000000000000000, 10.00000000000000000, -1.224646799147352500E-016 ) ) ;
#1313 = DIRECTION ( 'NONE',  ( -0.0000000000000000000, -0.0000000000000000000, 1.000000000000000000 ) ) ;
#1314 = DIRECTION ( 'NONE',  ( -0.5000000000000097700, -0.8660254037844329300, 0.0000000000000000000 ) ) ;
#1315 = AXIS2_PLACEMENT_3D ( 'NONE', #177, #150, #134 ) ;
#1316 = ORIENTED_EDGE ( 'NONE', *, *, #390, .T. ) ;
#1317 = CIRCLE ( 'NONE', #1456, 1.983266837131797000 ) ;
#1318 = CARTESIAN_POINT ( 'NONE',  ( -8.660254037844328700, 5.000000000000100400, -1.224646799147352500E-016 ) ) ;
#1319 = DIRECTION ( 'NONE',  ( -0.0000000000000000000, -0.0000000000000000000, 1.000000000000000000 ) ) ;
#1320 = AXIS2_PLACEMENT_3D ( 'NONE', #1579, #1128, #65 ) ;
#1321 = EDGE_CURVE ( 'NONE', #1600, #516, #1039, .T. ) ;
#1322 = CARTESIAN_POINT ( 'NONE',  ( 0.0000000000000000000, 10.87912087912088000, -1.983266837131795400 ) ) ;
#1323 = DIRECTION ( 'NONE',  ( -0.5000000000000097700, -0.8660254037844329300, 0.0000000000000000000 ) ) ;
#1324 = AXIS2_PLACEMENT_3D ( 'NONE', #450, #490, #137 ) ;
#1325 = FACE_OUTER_BOUND ( 'NONE', #1548, .T. ) ;
#1326 = VECTOR ( 'NONE', #130, 1000.000000000000000 ) ;
#1327 = DIRECTION ( 'NONE',  ( 1.000000000000000000, 0.0000000000000000000, 0.0000000000000000000 ) ) ;
#1328 = AXIS2_PLACEMENT_3D ( 'NONE', #577, #359, #298 ) ;
#1329 = CARTESIAN_POINT ( 'NONE',  ( 0.0000000000000000000, 0.0000000000000000000, -4.000000000000000000 ) ) ;
#1330 = AXIS2_PLACEMENT_3D ( 'NONE', #818, #1464, #986 ) ;
#1331 = EDGE_CURVE ( 'NONE', #1136, #662, #1647, .T. ) ;
#1332 = ORIENTED_EDGE ( 'NONE', *, *, #1367, .F. ) ;
#1333 =( LENGTH_UNIT ( ) NAMED_UNIT ( * ) SI_UNIT ( .MILLI., .METRE. ) );
#1334 = CIRCLE ( 'NONE', #1229, 1.983266837131793600 ) ;
#1335 =( NAMED_UNIT ( * ) SI_UNIT ( $, .STERADIAN. ) SOLID_ANGLE_UNIT ( ) );
#1336 = AXIS2_PLACEMENT_3D ( 'NONE', #378, #245, #644 ) ;
#1337 = DATE_TIME_ROLE ( 'creation_date' ) ;
#1338 = DIRECTION ( 'NONE',  ( -0.0000000000000000000, -0.0000000000000000000, 1.000000000000000000 ) ) ;
#1339 = ORIENTED_EDGE ( 'NONE', *, *, #1331, .F. ) ;
#1340 = CC_DESIGN_PERSON_AND_ORGANIZATION_ASSIGNMENT ( #1387, #1479, ( #1145 ) ) ;
#1341 = CALENDAR_DATE ( 2017, 30, 6 ) ;
#1342 = FACE_OUTER_BOUND ( 'NONE', #92, .T. ) ;
#1343 = LINE ( 'NONE', #409, #1326 ) ;
#1344 = AXIS2_PLACEMENT_3D ( 'NONE', #158, #1251, #395 ) ;
#1345 = DIRECTION ( 'NONE',  ( -0.4999999999999887300, 0.8660254037844452600, 0.0000000000000000000 ) ) ;
#1346 = ADVANCED_FACE ( 'NONE', ( #1431 ), #485, .F. ) ;
#1347 = DIRECTION ( 'NONE',  ( 1.000000000000000000, 0.0000000000000000000, 0.0000000000000000000 ) ) ;
#1348 = ADVANCED_FACE ( 'NONE', ( #1257 ), #1235, .F. ) ;
#1349 = CARTESIAN_POINT ( 'NONE',  ( -10.87912087912088000, 1.332308056215252600E-015, -1.983266837131795400 ) ) ;
#1350 = CLOSED_SHELL ( 'NONE', ( #56, #1569 ) ) ;
#1351 = ORIENTED_EDGE ( 'NONE', *, *, #827, .T. ) ;
#1352 = DIRECTION ( 'NONE',  ( 0.5000000000000101000, 0.8660254037844328200, -0.0000000000000000000 ) ) ;
#1353 = ADVANCED_FACE ( 'NONE', ( #1275 ), #1388, .T. ) ;
#1354 = FACE_BOUND ( 'NONE', #347, .T. ) ;
#1355 = AXIS2_PLACEMENT_3D ( 'NONE', #1056, #337, #368 ) ;
#1356 = ORIENTED_EDGE ( 'NONE', *, *, #1050, .T. ) ;
#1357 = EDGE_CURVE ( 'NONE', #890, #808, #1590, .T. ) ;
#1358 = DIRECTION ( 'NONE',  ( -0.0000000000000000000, -0.0000000000000000000, 1.000000000000000000 ) ) ;
#1359 = AXIS2_PLACEMENT_3D ( 'NONE', #1214, #291, #1572 ) ;
#1360 = DIRECTION ( 'NONE',  ( 1.000000000000000000, 0.0000000000000000000, 0.0000000000000000000 ) ) ;
#1361 = ADVANCED_FACE ( 'NONE', ( #921 ), #1563, .F. ) ;
#1362 = DATE_AND_TIME ( #1561, #423 ) ;
#1363 = EDGE_LOOP ( 'NONE', ( #1245, #1151 ) ) ;
#1364 = LINE ( 'NONE', #590, #859 ) ;
#1365 = CYLINDRICAL_SURFACE ( 'NONE', #1048, 9.120879120879118700 ) ;
#1366 = AXIS2_PLACEMENT_3D ( 'NONE', #913, #634, #75 ) ;
#1367 = EDGE_CURVE ( 'NONE', #1596, #636, #1407, .T. ) ;
#1368 = ORIENTED_EDGE ( 'NONE', *, *, #515, .F. ) ;
#1369 = DIRECTION ( 'NONE',  ( -0.0000000000000000000, -0.0000000000000000000, 1.000000000000000000 ) ) ;
#1370 = DIRECTION ( 'NONE',  ( -0.0000000000000000000, -0.0000000000000000000, 1.000000000000000000 ) ) ;
#1371 = EDGE_LOOP ( 'NONE', ( #22, #131, #1124, #366 ) ) ;
#1372 = EDGE_LOOP ( 'NONE', ( #865, #844, #106, #258 ) ) ;
#1373 = AXIS2_PLACEMENT_3D ( 'NONE', #674, #935, #247 ) ;
#1374 = ORIENTED_EDGE ( 'NONE', *, *, #1307, .T. ) ;
#1375 = AXIS2_PLACEMENT_3D ( 'NONE', #1180, #227, #1265 ) ;
#1376 = CARTESIAN_POINT ( 'NONE',  ( 9.999999999999991100, 0.0000000000000000000, -3.035766082959412400E-015 ) ) ;
#1377 = EDGE_CURVE ( 'NONE', #620, #960, #1201, .T. ) ;
#1378 = ORIENTED_EDGE ( 'NONE', *, *, #1040, .T. ) ;
#1379 = FACE_OUTER_BOUND ( 'NONE', #646, .T. ) ;
#1380 = CYLINDRICAL_SURFACE ( 'NONE', #969, 10.87912087912087800 ) ;
#1381 = CARTESIAN_POINT ( 'NONE',  ( 0.0000000000000000000, 0.0000000000000000000, 4.000000000000000000 ) ) ;
#1382 = CARTESIAN_POINT ( 'NONE',  ( -8.660254037844433500, -4.999999999999919200, -1.224646799147352500E-016 ) ) ;
#1383 = EDGE_CURVE ( 'NONE', #1498, #1634, #1364, .T. ) ;
#1384 = DIRECTION ( 'NONE',  ( -0.8660254037844329300, 0.5000000000000097700, 0.0000000000000000000 ) ) ;
#1385 = CARTESIAN_POINT ( 'NONE',  ( 10.00000000000000000, -3.491481338843133400E-014, 1.983266837131796300 ) ) ;
#1386 = AXIS2_PLACEMENT_3D ( 'NONE', #617, #580, #442 ) ;
#1387 = PERSON_AND_ORGANIZATION ( #860, #741 ) ;
#1388 = CYLINDRICAL_SURFACE ( 'NONE', #1390, 13.99999999999999800 ) ;
#1389 = SECURITY_CLASSIFICATION ( '', '', #1004 ) ;
#1390 = AXIS2_PLACEMENT_3D ( 'NONE', #1159, #133, #1520 ) ;
#1391 = DIRECTION ( 'NONE',  ( 0.8660254037844414800, 0.4999999999999947300, -0.0000000000000000000 ) ) ;
#1392 = EDGE_CURVE ( 'NONE', #907, #1164, #1175, .T. ) ;
#1393 = CARTESIAN_POINT ( 'NONE',  ( 0.0000000000000000000, 10.00000000000000000, -1.983266837131796300 ) ) ;
#1394 = MANIFOLD_SOLID_BREP ( 'CirPattern1[11]', #323 ) ;
#1395 = ORIENTED_EDGE ( 'NONE', *, *, #289, .F. ) ;
#1396 = FACE_OUTER_BOUND ( 'NONE', #716, .T. ) ;
#1397 = EDGE_CURVE ( 'NONE', #683, #829, #426, .T. ) ;
#1398 = FACE_OUTER_BOUND ( 'NONE', #540, .T. ) ;
#1399 = DIRECTION ( 'NONE',  ( 1.000000000000000000, 0.0000000000000000000, 0.0000000000000000000 ) ) ;
#1400 = AXIS2_PLACEMENT_3D ( 'NONE', #313, #435, #505 ) ;
#1401 = CARTESIAN_POINT ( 'NONE',  ( 13.99999999999999800, 1.714505518806294400E-015, 3.600000000000001400 ) ) ;
#1402 = EDGE_CURVE ( 'NONE', #1253, #1111, #1537, .T. ) ;
#1403 = APPLICATION_PROTOCOL_DEFINITION ( 'international standard', 'config_control_design', 1994, #1476 ) ;
#1404 = LOCAL_TIME ( 7, 12, 44.00000000000000000, #1613 ) ;
#1405 = APPROVAL_ROLE ( '' ) ;
#1406 = AXIS2_PLACEMENT_3D ( 'NONE', #1497, #1028, #1581 ) ;
#1407 = LINE ( 'NONE', #147, #1616 ) ;
#1408 = EDGE_LOOP ( 'NONE', ( #467, #198 ) ) ;
#1409 = DIRECTION ( 'NONE',  ( 0.7071067811865490200, 0.0000000000000000000, 0.7071067811865460200 ) ) ;
#1410 = ADVANCED_FACE ( 'NONE', ( #349 ), #1153, .T. ) ;
#1411 = VERTEX_POINT ( 'NONE', #1525 ) ;
#1412 = DIRECTION ( 'NONE',  ( 1.000000000000000000, 0.0000000000000000000, 0.0000000000000000000 ) ) ;
#1413 = DIRECTION ( 'NONE',  ( 0.8660254037844417100, 0.4999999999999948400, -0.0000000000000000000 ) ) ;
#1414 = MANIFOLD_SOLID_BREP ( 'CirPattern1[7]', #1530 ) ;
#1415 = ADVANCED_FACE ( 'NONE', ( #1342 ), #282, .T. ) ;
#1416 = AXIS2_PLACEMENT_3D ( 'NONE', #853, #497, #288 ) ;
#1417 = ORIENTED_EDGE ( 'NONE', *, *, #176, .F. ) ;
#1418 = CONICAL_SURFACE ( 'NONE', #370, 13.99999999999999800, 0.7853981633974499400 ) ;
#1419 = CONICAL_SURFACE ( 'NONE', #174, 13.60000000000000000, 0.7853981633974505000 ) ;
#1420 = EDGE_LOOP ( 'NONE', ( #510, #814 ) ) ;
#1421 = AXIS2_PLACEMENT_3D ( 'NONE', #1329, #1545, #1467 ) ;
#1422 = ADVANCED_FACE ( 'NONE', ( #1514 ), #215, .F. ) ;
#1423 = MANIFOLD_SOLID_BREP ( 'Revolve5[1]', #410 ) ;
#1424 = AXIS2_PLACEMENT_3D ( 'NONE', #290, #565, #583 ) ;
#1425 = ORIENTED_EDGE ( 'NONE', *, *, #866, .F. ) ;
#1426 = CARTESIAN_POINT ( 'NONE',  ( 8.660254037844398000, 4.999999999999980500, -1.224646799147352500E-016 ) ) ;
#1427 = ORIENTED_EDGE ( 'NONE', *, *, #544, .F. ) ;
#1428 = CALENDAR_DATE ( 2017, 30, 6 ) ;
#1429 = DIRECTION ( 'NONE',  ( 0.0000000000000000000, 0.0000000000000000000, -1.000000000000000000 ) ) ;
#1430 = CIRCLE ( 'NONE', #542, 1.983266837131796700 ) ;
#1431 = FACE_OUTER_BOUND ( 'NONE', #1371, .T. ) ;
#1432 = ORIENTED_EDGE ( 'NONE', *, *, #104, .T. ) ;
#1433 = ADVANCED_FACE ( 'NONE', ( #1325 ), #762, .T. ) ;
#1434 = CARTESIAN_POINT ( 'NONE',  ( -4.999999999999889000, 8.660254037844451200, -1.224646799147352500E-016 ) ) ;
#1435 = CC_DESIGN_PERSON_AND_ORGANIZATION_ASSIGNMENT ( #1198, #1558, ( #1389 ) ) ;
#1436 = ORIENTED_EDGE ( 'NONE', *, *, #811, .F. ) ;
#1437 = CARTESIAN_POINT ( 'NONE',  ( -9.999999999999991100, 1.224646799147352300E-015, -3.035766082959412400E-015 ) ) ;
#1438 = ADVANCED_FACE ( 'NONE', ( #1120 ), #1487, .T. ) ;
#1439 = AXIS2_PLACEMENT_3D ( 'NONE', #1442, #581, #946 ) ;
#1440 = FACE_BOUND ( 'NONE', #300, .T. ) ;
#1441 = FACE_OUTER_BOUND ( 'NONE', #972, .T. ) ;
#1442 = CARTESIAN_POINT ( 'NONE',  ( 0.0000000000000000000, 0.0000000000000000000, 4.000000000000000000 ) ) ;
#1443 = AXIS2_PLACEMENT_3D ( 'NONE', #295, #989, #783 ) ;
#1444 = ORIENTED_EDGE ( 'NONE', *, *, #737, .T. ) ;
#1445 = DIRECTION ( 'NONE',  ( 0.0000000000000000000, 0.0000000000000000000, -1.000000000000000000 ) ) ;
#1446 = EDGE_LOOP ( 'NONE', ( #436, #1604, #1584, #408 ) ) ;
#1447 = DIRECTION ( 'NONE',  ( -0.8660254037844432600, -0.4999999999999921700, 0.0000000000000000000 ) ) ;
#1448 = AXIS2_PLACEMENT_3D ( 'NONE', #113, #94, #519 ) ;
#1449 = ORIENTED_EDGE ( 'NONE', *, *, #1099, .F. ) ;
#1450 = DIRECTION ( 'NONE',  ( -0.0000000000000000000, -0.0000000000000000000, 1.000000000000000000 ) ) ;
#1451 = DATE_AND_TIME ( #87, #690 ) ;
#1452 = FACE_BOUND ( 'NONE', #38, .T. ) ;
#1453 = ORIENTED_EDGE ( 'NONE', *, *, #1156, .T. ) ;
#1454 = CARTESIAN_POINT ( 'NONE',  ( 5.000000000000010700, 8.660254037844382000, -1.983266837131796300 ) ) ;
#1455 = AXIS2_PLACEMENT_3D ( 'NONE', #563, #532, #654 ) ;
#1456 = AXIS2_PLACEMENT_3D ( 'NONE', #320, #1294, #539 ) ;
#1457 = MANIFOLD_SOLID_BREP ( 'CirPattern1[5]', #186 ) ;
#1458 = CARTESIAN_POINT ( 'NONE',  ( -10.87912087912088000, 1.332308056215252600E-015, -4.000000000000000000 ) ) ;
#1459 = EDGE_LOOP ( 'NONE', ( #484, #1270 ) ) ;
#1460 = AXIS2_PLACEMENT_3D ( 'NONE', #33, #124, #518 ) ;
#1461 = DIRECTION ( 'NONE',  ( -0.8660254037844329300, 0.5000000000000097700, 0.0000000000000000000 ) ) ;
#1462 = ORIENTED_EDGE ( 'NONE', *, *, #159, .T. ) ;
#1463 = CYLINDRICAL_SURFACE ( 'NONE', #879, 6.000000000000000000 ) ;
#1464 = DIRECTION ( 'NONE',  ( -0.0000000000000000000, -0.0000000000000000000, 1.000000000000000000 ) ) ;
#1465 = FACE_OUTER_BOUND ( 'NONE', #1017, .T. ) ;
#1466 = AXIS2_PLACEMENT_3D ( 'NONE', #713, #85, #506 ) ;
#1467 = DIRECTION ( 'NONE',  ( 1.000000000000000000, 0.0000000000000000000, 0.0000000000000000000 ) ) ;
#1468 = AXIS2_PLACEMENT_3D ( 'NONE', #1628, #1391, #448 ) ;
#1469 = ORIENTED_EDGE ( 'NONE', *, *, #530, .F. ) ;
#1470 = DIRECTION ( 'NONE',  ( -0.0000000000000000000, -0.0000000000000000000, 1.000000000000000000 ) ) ;
#1471 = DIRECTION ( 'NONE',  ( -0.0000000000000000000, -0.0000000000000000000, 1.000000000000000000 ) ) ;
#1472 = AXIS2_PLACEMENT_3D ( 'NONE', #600, #39, #129 ) ;
#1473 = VERTEX_POINT ( 'NONE', #798 ) ;
#1474 = PERSON_AND_ORGANIZATION ( #860, #741 ) ;
#1475 = FACE_OUTER_BOUND ( 'NONE', #764, .T. ) ;
#1476 = APPLICATION_CONTEXT ( 'configuration controlled 3d designs of mechanical parts and assemblies' ) ;
#1477 = DIRECTION ( 'NONE',  ( 1.000000000000000000, 0.0000000000000000000, 0.0000000000000000000 ) ) ;
#1478 = AXIS2_PLACEMENT_3D ( 'NONE', #207, #220, #166 ) ;
#1479 = PERSON_AND_ORGANIZATION_ROLE ( 'design_supplier' ) ;
#1480 = DIRECTION ( 'NONE',  ( -0.0000000000000000000, -0.0000000000000000000, 1.000000000000000000 ) ) ;
#1481 = VERTEX_POINT ( 'NONE', #1454 ) ;
#1482 = CC_DESIGN_DATE_AND_TIME_ASSIGNMENT ( #1362, #1112, ( #1389 ) ) ;
#1483 = DIRECTION ( 'NONE',  ( 0.7071067811865487900, 8.659560562354948900E-017, -0.7071067811865463500 ) ) ;
#1484 = ADVANCED_FACE ( 'NONE', ( #812 ), #1463, .F. ) ;
#1485 = ORIENTED_EDGE ( 'NONE', *, *, #866, .T. ) ;
#1486 = AXIS2_PLACEMENT_3D ( 'NONE', #1382, #784, #1447 ) ;
#1487 = SPHERICAL_SURFACE ( 'NONE', #652, 1.983266837131796300 ) ;
#1488 = PRODUCT ( '5972K323', '5972K323', '', ( #1554 ) ) ;
#1489 = CARTESIAN_POINT ( 'NONE',  ( 0.0000000000000000000, 0.0000000000000000000, 4.000000000000000000 ) ) ;
#1490 = VECTOR ( 'NONE', #60, 1000.000000000000000 ) ;
#1491 = ADVANCED_FACE ( 'NONE', ( #1089, #1309 ), #194, .F. ) ;
#1492 = ORIENTED_EDGE ( 'NONE', *, *, #385, .F. ) ;
#1493 = ORIENTED_EDGE ( 'NONE', *, *, #1121, .F. ) ;
#1494 = ORIENTED_EDGE ( 'NONE', *, *, #657, .F. ) ;
#1495 = CARTESIAN_POINT ( 'NONE',  ( 6.000000000000000000, 7.592810154713591800E-016, -3.600000000000001000 ) ) ;
#1496 = ADVANCED_FACE ( 'NONE', ( #1057 ), #48, .F. ) ;
#1497 = CARTESIAN_POINT ( 'NONE',  ( 0.0000000000000000000, 0.0000000000000000000, -1.983266837131795400 ) ) ;
#1498 = VERTEX_POINT ( 'NONE', #1458 ) ;
#1499 = ADVANCED_FACE ( 'NONE', ( #1440, #714 ), #1535, .F. ) ;
#1500 = CYLINDRICAL_SURFACE ( 'NONE', #1359, 10.87912087912087800 ) ;
#1501 = EDGE_LOOP ( 'NONE', ( #79, #35, #983, #1051 ) ) ;
#1502 = CARTESIAN_POINT ( 'NONE',  ( 6.400000000000003000, 7.837739514543063900E-016, -4.000000000000000000 ) ) ;
#1503 = DIRECTION ( 'NONE',  ( -0.8660254037844399300, -0.4999999999999978900, 0.0000000000000000000 ) ) ;
#1504 = CYLINDRICAL_SURFACE ( 'NONE', #756, 10.87912087912088000 ) ;
#1505 = ORIENTED_EDGE ( 'NONE', *, *, #715, .F. ) ;
#1506 = DIRECTION ( 'NONE',  ( -0.8660254037844451500, -0.4999999999999886200, 0.0000000000000000000 ) ) ;
#1507 = ORIENTED_EDGE ( 'NONE', *, *, #657, .T. ) ;
#1508 = ADVANCED_FACE ( 'NONE', ( #128 ), #1418, .T. ) ;
#1509 = AXIS2_PLACEMENT_3D ( 'NONE', #1426, #904, #1503 ) ;
#1510 = DIRECTION ( 'NONE',  ( -0.4999999999999887300, 0.8660254037844452600, 0.0000000000000000000 ) ) ;
#1511 = CONICAL_SURFACE ( 'NONE', #730, 13.99999999999999800, 0.7853981633974499400 ) ;
#1512 = ADVANCED_FACE ( 'NONE', ( #653 ), #582, .T. ) ;
#1513 = DIRECTION ( 'NONE',  ( -1.000000000000000000, 1.224646799147353500E-016, 0.0000000000000000000 ) ) ;
#1514 = FACE_OUTER_BOUND ( 'NONE', #312, .T. ) ;
#1515 = EDGE_LOOP ( 'NONE', ( #461, #1222, #775, #356 ) ) ;
#1516 = DESIGN_CONTEXT ( 'detailed design', #1644, 'design' ) ;
#1517 = CLOSED_SHELL ( 'NONE', ( #1512, #1415 ) ) ;
#1518 = LINE ( 'NONE', #135, #765 ) ;
#1519 = VERTEX_POINT ( 'NONE', #813 ) ;
#1520 = DIRECTION ( 'NONE',  ( 1.000000000000000000, 0.0000000000000000000, 0.0000000000000000000 ) ) ;
#1521 = EDGE_CURVE ( 'NONE', #1111, #1253, #1286, .T. ) ;
#1522 = AXIS2_PLACEMENT_3D ( 'NONE', #391, #321, #1593 ) ;
#1523 = AXIS2_PLACEMENT_3D ( 'NONE', #656, #216, #826 ) ;
#1524 = FACE_OUTER_BOUND ( 'NONE', #1200, .T. ) ;
#1525 = CARTESIAN_POINT ( 'NONE',  ( 8.660254037844398000, 4.999999999999980500, -1.983266837131796300 ) ) ;
#1526 = EDGE_CURVE ( 'NONE', #636, #1209, #1019, .T. ) ;
#1527 = AXIS2_PLACEMENT_3D ( 'NONE', #854, #698, #1560 ) ;
#1528 = ORIENTED_EDGE ( 'NONE', *, *, #980, .F. ) ;
#1529 = ORIENTED_EDGE ( 'NONE', *, *, #1234, .T. ) ;
#1530 = CLOSED_SHELL ( 'NONE', ( #1582, #1150 ) ) ;
#1531 = CARTESIAN_POINT ( 'NONE',  ( 8.660254037844366000, -5.000000000000040900, -1.224646799147352500E-016 ) ) ;
#1532 = EDGE_LOOP ( 'NONE', ( #1302, #318 ) ) ;
#1533 = DIRECTION ( 'NONE',  ( 1.000000000000000000, 0.0000000000000000000, 0.0000000000000000000 ) ) ;
#1534 = AXIS2_PLACEMENT_3D ( 'NONE', #817, #399, #44 ) ;
#1535 = PLANE ( 'NONE',  #1182 ) ;
#1536 = LOCAL_TIME ( 7, 12, 44.00000000000000000, #346 ) ;
#1537 = CIRCLE ( 'NONE', #1542, 10.87912087912088000 ) ;
#1538 = APPROVAL ( #10, 'UNSPECIFIED' ) ;
#1539 = ORIENTED_EDGE ( 'NONE', *, *, #821, .F. ) ;
#1540 = FACE_OUTER_BOUND ( 'NONE', #109, .T. ) ;
#1541 = ORIENTED_EDGE ( 'NONE', *, *, #1040, .F. ) ;
#1542 = AXIS2_PLACEMENT_3D ( 'NONE', #1069, #1607, #1170 ) ;
#1543 = ORIENTED_EDGE ( 'NONE', *, *, #180, .T. ) ;
#1544 = ORIENTED_EDGE ( 'NONE', *, *, #276, .F. ) ;
#1545 = DIRECTION ( 'NONE',  ( -0.0000000000000000000, -0.0000000000000000000, 1.000000000000000000 ) ) ;
#1546 = VERTEX_POINT ( 'NONE', #982 ) ;
#1547 = CARTESIAN_POINT ( 'NONE',  ( 0.0000000000000000000, 0.0000000000000000000, 4.000000000000000000 ) ) ;
#1548 = EDGE_LOOP ( 'NONE', ( #479, #1351 ) ) ;
#1549 = FACE_OUTER_BOUND ( 'NONE', #1501, .T. ) ;
#1550 = EDGE_CURVE ( 'NONE', #595, #572, #1247, .T. ) ;
#1551 = AXIS2_PLACEMENT_3D ( 'NONE', #1047, #369, #397 ) ;
#1552 = CARTESIAN_POINT ( 'NONE',  ( 8.660254037844366000, -5.000000000000040900, 1.983266837131796300 ) ) ;
#1553 = ORIENTED_EDGE ( 'NONE', *, *, #562, .T. ) ;
#1554 = MECHANICAL_CONTEXT ( 'NONE', #1476, 'mechanical' ) ;
#1555 = CARTESIAN_POINT ( 'NONE',  ( -10.00000000000000000, 1.047444401652940000E-013, -1.224646799147352500E-016 ) ) ;
#1556 = ORIENTED_EDGE ( 'NONE', *, *, #708, .F. ) ;
#1557 = CARTESIAN_POINT ( 'NONE',  ( 8.660254037844366000, -5.000000000000040900, -1.224646799147352500E-016 ) ) ;
#1558 = PERSON_AND_ORGANIZATION_ROLE ( 'classification_officer' ) ;
#1559 = AXIS2_PLACEMENT_3D ( 'NONE', #1137, #89, #1227 ) ;
#1560 = DIRECTION ( 'NONE',  ( -0.5000000000000071100, -0.8660254037844347100, 0.0000000000000000000 ) ) ;
#1561 = CALENDAR_DATE ( 2017, 30, 6 ) ;
#1562 = ORIENTED_EDGE ( 'NONE', *, *, #1280, .T. ) ;
#1563 = CYLINDRICAL_SURFACE ( 'NONE', #1439, 9.120879120879118700 ) ;
#1564 = ORIENTED_EDGE ( 'NONE', *, *, #1383, .T. ) ;
#1565 = ADVANCED_FACE ( 'NONE', ( #991 ), #1264, .T. ) ;
#1566 = DIRECTION ( 'NONE',  ( -0.0000000000000000000, -0.0000000000000000000, 1.000000000000000000 ) ) ;
#1567 = DIRECTION ( 'NONE',  ( -0.0000000000000000000, -0.0000000000000000000, 1.000000000000000000 ) ) ;
#1568 = ORIENTED_EDGE ( 'NONE', *, *, #190, .T. ) ;
#1569 = ADVANCED_FACE ( 'NONE', ( #1629 ), #1602, .T. ) ;
#1570 = ORIENTED_EDGE ( 'NONE', *, *, #1526, .T. ) ;
#1571 = CARTESIAN_POINT ( 'NONE',  ( -9.120879120879118700, 1.116985542079454000E-015, -1.983266837131795400 ) ) ;
#1572 = DIRECTION ( 'NONE',  ( 1.000000000000000000, 0.0000000000000000000, 0.0000000000000000000 ) ) ;
#1573 = EDGE_LOOP ( 'NONE', ( #629, #1157 ) ) ;
#1574 = AXIS2_PLACEMENT_3D ( 'NONE', #1141, #1130, #1119 ) ;
#1575 = ORIENTED_EDGE ( 'NONE', *, *, #1239, .F. ) ;
#1576 = ADVANCED_FACE ( 'NONE', ( #521 ), #1185, .T. ) ;
#1577 = ORIENTED_EDGE ( 'NONE', *, *, #1521, .F. ) ;
#1578 = AXIS2_PLACEMENT_3D ( 'NONE', #838, #1471, #997 ) ;
#1579 = CARTESIAN_POINT ( 'NONE',  ( 0.0000000000000000000, 0.0000000000000000000, 1.777777777777777500 ) ) ;
#1580 = LINE ( 'NONE', #1011, #1217 ) ;
#1581 = DIRECTION ( 'NONE',  ( 1.000000000000000000, 0.0000000000000000000, 0.0000000000000000000 ) ) ;
#1582 = ADVANCED_FACE ( 'NONE', ( #951 ), #1215, .T. ) ;
#1583 = VERTEX_POINT ( 'NONE', #1393 ) ;
#1584 = ORIENTED_EDGE ( 'NONE', *, *, #345, .F. ) ;
#1585 = AXIS2_PLACEMENT_3D ( 'NONE', #145, #554, #547 ) ;
#1586 = ADVANCED_FACE ( 'NONE', ( #1379 ), #389, .F. ) ;
#1587 = CARTESIAN_POINT ( 'NONE',  ( 0.0000000000000000000, 0.0000000000000000000, -3.035766082959412400E-015 ) ) ;
#1588 = AXIS2_PLACEMENT_3D ( 'NONE', #691, #203, #476 ) ;
#1589 = PERSON_AND_ORGANIZATION ( #860, #741 ) ;
#1590 = LINE ( 'NONE', #373, #976 ) ;
#1591 = DIRECTION ( 'NONE',  ( -1.000000000000000000, 0.0000000000000000000, 0.0000000000000000000 ) ) ;
#1592 = ADVANCED_FACE ( 'NONE', ( #1396 ), #834, .F. ) ;
#1593 = DIRECTION ( 'NONE',  ( 1.000000000000000000, 0.0000000000000000000, 0.0000000000000000000 ) ) ;
#1594 = CLOSED_SHELL ( 'NONE', ( #528, #749 ) ) ;
#1595 = CC_DESIGN_APPROVAL ( #1538, ( #1389 ) ) ;
#1596 = VERTEX_POINT ( 'NONE', #1636 ) ;
#1597 = AXIS2_PLACEMENT_3D ( 'NONE', #1531, #1612, #966 ) ;
#1598 = ORIENTED_EDGE ( 'NONE', *, *, #708, .T. ) ;
#1599 = DIRECTION ( 'NONE',  ( 1.000000000000000000, 0.0000000000000000000, 0.0000000000000000000 ) ) ;
#1600 = VERTEX_POINT ( 'NONE', #242 ) ;
#1601 = ORIENTED_EDGE ( 'NONE', *, *, #1377, .T. ) ;
#1602 = SPHERICAL_SURFACE ( 'NONE', #1523, 1.983266837131796300 ) ;
#1603 = VECTOR ( 'NONE', #1480, 1000.000000000000000 ) ;
#1604 = ORIENTED_EDGE ( 'NONE', *, *, #176, .T. ) ;
#1605 = VERTEX_POINT ( 'NONE', #1098 ) ;
#1606 = EDGE_LOOP ( 'NONE', ( #1529, #99, #117, #1173 ) ) ;
#1607 = DIRECTION ( 'NONE',  ( -0.0000000000000000000, -0.0000000000000000000, 1.000000000000000000 ) ) ;
#1608 = AXIS2_PLACEMENT_3D ( 'NONE', #382, #398, #995 ) ;
#1609 = ORIENTED_EDGE ( 'NONE', *, *, #827, .F. ) ;
#1610 = TOROIDAL_SURFACE ( 'NONE', #924, 9.999999999999991100, 1.983266837131793600 ) ;
#1611 = EDGE_CURVE ( 'NONE', #415, #808, #455, .T. ) ;
#1612 = DIRECTION ( 'NONE',  ( 0.5000000000000038900, 0.8660254037844362700, -0.0000000000000000000 ) ) ;
#1613 = COORDINATED_UNIVERSAL_TIME_OFFSET ( 6, 0, .BEHIND. ) ;
#1614 = ORIENTED_EDGE ( 'NONE', *, *, #475, .F. ) ;
#1615 = VERTEX_POINT ( 'NONE', #463 ) ;
#1616 = VECTOR ( 'NONE', #1249, 1000.000000000000000 ) ;
#1617 = CARTESIAN_POINT ( 'NONE',  ( 0.0000000000000000000, 0.0000000000000000000, 4.000000000000000000 ) ) ;
#1618 = EDGE_LOOP ( 'NONE', ( #466, #1225 ) ) ;
#1619 = AXIS2_PLACEMENT_3D ( 'NONE', #548, #1358, #747 ) ;
#1620 = CLOSED_SHELL ( 'NONE', ( #1043, #1438 ) ) ;
#1621 = DIRECTION ( 'NONE',  ( -1.000000000000000000, 3.613946018757867700E-015, 0.0000000000000000000 ) ) ;
#1622 = DIRECTION ( 'NONE',  ( 0.0000000000000000000, 0.0000000000000000000, -1.000000000000000000 ) ) ;
#1623 = CIRCLE ( 'NONE', #954, 1.983266837131797000 ) ;
#1624 = ORIENTED_EDGE ( 'NONE', *, *, #1088, .F. ) ;
#1625 = ORIENTED_EDGE ( 'NONE', *, *, #1250, .F. ) ;
#1626 = CIRCLE ( 'NONE', #324, 1.983266837131797000 ) ;
#1627 = VERTEX_POINT ( 'NONE', #1401 ) ;
#1628 = CARTESIAN_POINT ( 'NONE',  ( 4.999999999999949400, -8.660254037844415700, -1.224646799147352500E-016 ) ) ;
#1629 = FACE_OUTER_BOUND ( 'NONE', #404, .T. ) ;
#1630 = VECTOR ( 'NONE', #791, 1000.000000000000000 ) ;
#1631 = FACE_OUTER_BOUND ( 'NONE', #155, .T. ) ;
#1632 = AXIS2_PLACEMENT_3D ( 'NONE', #1587, #628, #184 ) ;
#1633 = AXIS2_PLACEMENT_3D ( 'NONE', #1183, #1096, #1269 ) ;
#1634 = VERTEX_POINT ( 'NONE', #1187 ) ;
#1635 = ORIENTED_EDGE ( 'NONE', *, *, #472, .F. ) ;
#1636 = CARTESIAN_POINT ( 'NONE',  ( -10.87912087912087800, 1.332308056215252400E-015, 1.983266837131796300 ) ) ;
#1637 = DIRECTION ( 'NONE',  ( -6.982962677686262000E-015, -1.000000000000000000, 0.0000000000000000000 ) ) ;
#1638 = CARTESIAN_POINT ( 'NONE',  ( -8.660254037844328700, 5.000000000000100400, -1.983266837131796300 ) ) ;
#1639 = CARTESIAN_POINT ( 'NONE',  ( -8.016733162868197500, 9.817666607524975600E-016, -3.278646221354267100E-015 ) ) ;
#1640 = AXIS2_PLACEMENT_3D ( 'NONE', #253, #73, #187 ) ;
#1641 = DIRECTION ( 'NONE',  ( -1.000000000000000000, 6.982962677686266700E-015, 0.0000000000000000000 ) ) ;
#1642 = DIRECTION ( 'NONE',  ( 1.000000000000000000, 0.0000000000000000000, 0.0000000000000000000 ) ) ;
#1643 = LOCAL_TIME ( 7, 12, 44.00000000000000000, #608 ) ;
#1644 = APPLICATION_CONTEXT ( 'configuration controlled 3d designs of mechanical parts and assemblies' ) ;
#1645 = ORIENTED_EDGE ( 'NONE', *, *, #180, .F. ) ;
#1646 = VERTEX_POINT ( 'NONE', #1552 ) ;
#1647 = CIRCLE ( 'NONE', #1152, 10.87912087912087800 ) ;
ENDSEC;
END-ISO-10303-21;
